Symbol,Signal,Type,EntryTime,Macro,Phase,Month,PnL_USD,ExitReason,BarsHeld
BTCUSDT,RangeBreakoutLong,LONG,2025-07-02T08:00:00.000Z,FLAT,TRAIN,2025-07,3.34,TP1,179
BTCUSDT,RangeBreakoutLong,LONG,2025-07-09T19:00:00.000Z,FLAT,TRAIN,2025-07,5.46,TP1,38
BTCUSDT,RsiReversionShort,SHORT,2025-07-11T10:00:00.000Z,FLAT,TRAIN,2025-07,-1.11,STOP,52
BTCUSDT,RsiReversionShort,SHORT,2025-07-13T15:00:00.000Z,FLAT,TRAIN,2025-07,-0.97,STOP,11
BTCUSDT,RangeBreakoutLong,LONG,2025-07-14T02:00:00.000Z,FLAT,TRAIN,2025-07,2.35,TP1,5
BTCUSDT,RsiReversionShort,SHORT,2025-07-14T08:00:00.000Z,FLAT,TRAIN,2025-07,1.37,TP1,7
BTCUSDT,RangeBreakoutShort,SHORT,2025-07-15T01:00:00.000Z,FLAT,TRAIN,2025-07,-1.88,STOP,68
BTCUSDT,RangeBreakoutLong,LONG,2025-07-17T21:00:00.000Z,FLAT,TRAIN,2025-07,-1.79,STOP,17
BTCUSDT,RangeBreakoutLong,LONG,2025-07-21T06:00:00.000Z,FLAT,TRAIN,2025-07,-2.14,STOP,19
BTCUSDT,RangeBreakoutLong,LONG,2025-07-22T18:00:00.000Z,FLAT,TRAIN,2025-07,-1.98,STOP,20
BTCUSDT,RangeBreakoutShort,SHORT,2025-07-25T02:00:00.000Z,FLAT,TRAIN,2025-07,-2.23,STOP,62
BTCUSDT,RangeBreakoutLong,LONG,2025-07-27T16:00:00.000Z,FLAT,TRAIN,2025-07,-1.25,STOP,25
BTCUSDT,RangeBreakoutShort,SHORT,2025-07-28T17:00:00.000Z,FLAT,TRAIN,2025-07,2.43,TP1,79
BTCUSDT,RsiReversionLong,LONG,2025-08-01T02:00:00.000Z,FLAT,TRAIN,2025-08,-1.49,STOP,6
BTCUSDT,RsiReversionLong,LONG,2025-08-01T09:00:00.000Z,FLAT,TRAIN,2025-08,-1.07,STOP,9
BTCUSDT,RangeBreakoutShort,SHORT,2025-08-01T18:00:00.000Z,FLAT,TRAIN,2025-08,-2.07,STOP,136
BTCUSDT,RangeBreakoutLong,LONG,2025-08-07T10:00:00.000Z,FLAT,TRAIN,2025-08,3.44,TP1,88
BTCUSDT,RangeBreakoutShort,SHORT,2025-08-29T07:00:00.000Z,FLAT,TRAIN,2025-08,-1.84,STOP,127
BTCUSDT,RangeBreakoutShort,SHORT,2025-09-04T06:00:00.000Z,FLAT,TRAIN,2025-09,-1.72,STOP,25
BTCUSDT,RangeBreakoutLong,LONG,2025-09-05T07:00:00.000Z,FLAT,TRAIN,2025-09,-1.86,STOP,7
BTCUSDT,RangeBreakoutLong,LONG,2025-09-08T09:00:00.000Z,FLAT,TRAIN,2025-09,2.16,TP1,85
BTCUSDT,RangeBreakoutShort,SHORT,2025-09-19T09:00:00.000Z,FLAT,TRAIN,2025-09,1.19,TP1,63
BTCUSDT,RangeBreakoutShort,SHORT,2025-09-22T00:00:00.000Z,FLAT,TRAIN,2025-09,2.04,TP1,27
BTCUSDT,RangeBreakoutShort,SHORT,2025-10-10T15:00:00.000Z,FLAT,TRAIN,2025-10,8.45,TP2,6
BTCUSDT,RangeBreakoutLong,LONG,2025-10-23T17:00:00.000Z,FLAT,TRAIN,2025-10,-2.40,STOP,155
BTCUSDT,RangeBreakoutShort,SHORT,2025-11-03T02:00:00.000Z,FLAT,TRAIN,2025-11,3.08,TP1,27
BTCUSDT,RangeBreakoutShort,SHORT,2025-11-12T15:00:00.000Z,FLAT,TRAIN,2025-11,5.82,TP1,45
BTCUSDT,RsiReversionShort,SHORT,2025-11-26T19:00:00.000Z,FLAT,TRAIN,2025-11,-0.90,STOP,6
BTCUSDT,RangeBreakoutLong,LONG,2025-11-27T01:00:00.000Z,FLAT,TRAIN,2025-11,-1.95,STOP,95
BTCUSDT,RsiReversionLong,LONG,2025-12-01T01:00:00.000Z,FLAT,TRAIN,2025-12,-0.67,STOP,1
BTCUSDT,RsiReversionLong,LONG,2025-12-01T05:00:00.000Z,FLAT,TRAIN,2025-12,-0.85,STOP,7
BTCUSDT,RangeBreakoutShort,SHORT,2025-12-05T13:00:00.000Z,FLAT,TRAIN,2025-12,-2.13,STOP,98
BTCUSDT,RangeBreakoutShort,SHORT,2025-12-11T02:00:00.000Z,FLAT,TRAIN,2025-12,-3.05,STOP,19
BTCUSDT,RsiReversionShort,SHORT,2025-12-11T22:00:00.000Z,FLAT,TRAIN,2025-12,2.78,TP1,61
BTCUSDT,RangeBreakoutShort,SHORT,2025-12-14T11:00:00.000Z,FLAT,TRAIN,2025-12,2.10,TP1,28
BTCUSDT,RsiReversionLong,LONG,2025-12-15T18:00:00.000Z,FLAT,TRAIN,2025-12,2.58,TP1,44
BTCUSDT,RangeBreakoutLong,LONG,2025-12-21T08:00:00.000Z,FLAT,TRAIN,2025-12,-0.95,STOP,5
BTCUSDT,RangeBreakoutShort,SHORT,2025-12-21T13:00:00.000Z,FLAT,TRAIN,2025-12,-1.80,STOP,11
BTCUSDT,RsiReversionShort,SHORT,2025-12-22T10:00:00.000Z,FLAT,TRAIN,2025-12,-0.52,STOP,2
BTCUSDT,RangeBreakoutLong,LONG,2025-12-22T12:00:00.000Z,FLAT,TRAIN,2025-12,-1.65,STOP,7
BTCUSDT,RangeBreakoutShort,SHORT,2025-12-23T06:00:00.000Z,FLAT,TRAIN,2025-12,-1.88,STOP,68
BTCUSDT,RangeBreakoutLong,LONG,2025-12-26T02:00:00.000Z,FLAT,TRAIN,2025-12,-2.66,STOP,13
BTCUSDT,RangeBreakoutLong,LONG,2025-12-29T00:00:00.000Z,FLAT,TRAIN,2025-12,1.99,TP1,4
BTCUSDT,RsiReversionShort,SHORT,2025-12-29T05:00:00.000Z,FLAT,TRAIN,2025-12,1.96,TP2,4
BTCUSDT,RsiReversionShort,SHORT,2025-12-29T09:00:00.000Z,FLAT,TRAIN,2025-12,-2.20,STOP,101
BTCUSDT,RangeBreakoutLong,LONG,2026-01-02T16:00:00.000Z,FLAT,TEST,2026-01,4.05,TP1,76
BTCUSDT,RangeBreakoutLong,LONG,2026-01-11T14:00:00.000Z,FLAT,TEST,2026-01,-0.79,STOP,6
BTCUSDT,RangeBreakoutLong,LONG,2026-01-12T01:00:00.000Z,FLAT,TEST,2026-01,2.55,TP1,42
BTCUSDT,RangeBreakoutLong,LONG,2026-01-13T19:00:00.000Z,FLAT,TEST,2026-01,-2.66,STOP,154
BTCUSDT,RangeBreakoutLong,LONG,2026-02-14T08:00:00.000Z,FLAT,TEST,2026-02,-1.65,STOP,33
BTCUSDT,RangeBreakoutShort,SHORT,2026-02-17T14:00:00.000Z,FLAT,TEST,2026-02,-2.35,STOP,96
BTCUSDT,RangeBreakoutLong,LONG,2026-02-21T14:00:00.000Z,FLAT,TEST,2026-02,-1.04,STOP,23
BTCUSDT,RangeBreakoutShort,SHORT,2026-02-22T13:00:00.000Z,FLAT,TEST,2026-02,2.79,TP2,12
BTCUSDT,RsiReversionLong,LONG,2026-02-23T02:00:00.000Z,FLAT,TEST,2026-02,1.79,TP1,7
BTCUSDT,RangeBreakoutShort,SHORT,2026-03-01T20:00:00.000Z,FLAT,TEST,2026-03,-3.03,STOP,19
BTCUSDT,RsiReversionShort,SHORT,2026-03-02T17:00:00.000Z,FLAT,TEST,2026-03,2.77,TP1,15
BTCUSDT,RangeBreakoutLong,LONG,2026-03-04T07:00:00.000Z,FLAT,TEST,2026-03,5.65,TP1,12
BTCUSDT,RsiReversionShort,SHORT,2026-03-04T19:00:00.000Z,FLAT,TEST,2026-03,1.50,TP1,10
BTCUSDT,RangeBreakoutShort,SHORT,2026-03-11T11:00:00.000Z,FLAT,TEST,2026-03,-1.45,STOP,2
BTCUSDT,RangeBreakoutLong,LONG,2026-03-13T00:00:00.000Z,FLAT,TEST,2026-03,4.53,TP1,96
BTCUSDT,RangeBreakoutShort,SHORT,2026-03-26T05:00:00.000Z,FLAT,TEST,2026-03,3.90,TP1,29
BTCUSDT,RsiReversionLong,LONG,2026-03-27T11:00:00.000Z,FLAT,TEST,2026-03,-1.06,STOP,2
BTCUSDT,RangeBreakoutShort,SHORT,2026-04-02T01:00:00.000Z,FLAT,TEST,2026-04,-2.08,STOP,94
BTCUSDT,RangeBreakoutLong,LONG,2026-04-05T23:00:00.000Z,FLAT,TEST,2026-04,4.81,TP1,62
BTCUSDT,RangeBreakoutLong,LONG,2026-04-20T17:00:00.000Z,FLAT,TEST,2026-04,3.07,TP1,44
BTCUSDT,RangeBreakoutLong,LONG,2026-04-22T13:00:00.000Z,FLAT,TEST,2026-04,-1.37,STOP,11
BTCUSDT,RangeBreakoutLong,LONG,2026-04-26T05:00:00.000Z,FLAT,TEST,2026-04,-1.10,STOP,34
BTCUSDT,RangeBreakoutShort,SHORT,2026-04-27T15:00:00.000Z,FLAT,TEST,2026-04,-2.07,STOP,94
BTCUSDT,RangeBreakoutLong,LONG,2026-05-01T13:00:00.000Z,FLAT,TEST,2026-05,4.09,TP1,118
BTCUSDT,RangeBreakoutShort,SHORT,2026-05-26T17:00:00.000Z,FLAT,TEST,2026-05,5.34,TP1,142
BTCUSDT,RangeBreakoutLong,LONG,2026-06-13T21:00:00.000Z,FLAT,TEST,2026-06,-1.11,STOP,20
BTCUSDT,RangeBreakoutShort,SHORT,2026-06-14T17:00:00.000Z,FLAT,TEST,2026-06,-1.52,STOP,4
BTCUSDT,RangeBreakoutLong,LONG,2026-06-14T21:00:00.000Z,FLAT,TEST,2026-06,-2.58,STOP,90
BTCUSDT,RsiReversionLong,LONG,2026-06-18T16:00:00.000Z,FLAT,TEST,2026-06,1.55,TP1,37
BTCUSDT,RangeBreakoutShort,SHORT,2026-06-21T23:00:00.000Z,FLAT,TEST,2026-06,-1.75,STOP,2
BTCUSDT,RangeBreakoutLong,LONG,2026-06-22T12:00:00.000Z,FLAT,TEST,2026-06,-1.97,STOP,10
BTCUSDT,RangeBreakoutShort,SHORT,2026-06-23T04:00:00.000Z,FLAT,TEST,2026-06,2.09,TP1,4
BTCUSDT,RangeBreakoutShort,SHORT,2026-06-23T08:00:00.000Z,FLAT,TEST,2026-06,5.50,TP1,53
ETHUSDT,RangeBreakoutLong,LONG,2025-07-02T14:00:00.000Z,FLAT,TRAIN,2025-07,3.01,TP1,2
ETHUSDT,RsiReversionShort,SHORT,2025-07-02T20:00:00.000Z,FLAT,TRAIN,2025-07,-1.05,STOP,2
ETHUSDT,RsiReversionShort,SHORT,2025-07-02T22:00:00.000Z,FLAT,TRAIN,2025-07,-1.28,STOP,15
ETHUSDT,RangeBreakoutLong,LONG,2025-07-03T13:00:00.000Z,FLAT,TRAIN,2025-07,-2.37,STOP,17
ETHUSDT,RangeBreakoutShort,SHORT,2025-07-04T06:00:00.000Z,FLAT,TRAIN,2025-07,-1.91,STOP,107
ETHUSDT,RangeBreakoutLong,LONG,2025-07-08T17:00:00.000Z,FLAT,TRAIN,2025-07,4.28,TP1,26
ETHUSDT,RsiReversionShort,SHORT,2025-07-09T20:00:00.000Z,FLAT,TRAIN,2025-07,-2.34,STOP,11
ETHUSDT,RsiReversionShort,SHORT,2025-07-10T07:00:00.000Z,FLAT,TRAIN,2025-07,-1.47,STOP,10
ETHUSDT,RangeBreakoutLong,LONG,2025-07-10T17:00:00.000Z,FLAT,TRAIN,2025-07,4.78,TP1,4
ETHUSDT,RsiReversionShort,SHORT,2025-07-10T23:00:00.000Z,FLAT,TRAIN,2025-07,-1.27,STOP,6
ETHUSDT,RangeBreakoutLong,LONG,2025-07-11T05:00:00.000Z,FLAT,TRAIN,2025-07,-3.06,STOP,34
ETHUSDT,RangeBreakoutLong,LONG,2025-07-13T12:00:00.000Z,FLAT,TRAIN,2025-07,2.74,TP1,23
ETHUSDT,RangeBreakoutLong,LONG,2025-07-16T06:00:00.000Z,FLAT,TRAIN,2025-07,3.89,TP1,11
ETHUSDT,RsiReversionShort,SHORT,2025-07-16T20:00:00.000Z,FLAT,TRAIN,2025-07,-1.63,STOP,10
ETHUSDT,RsiReversionShort,SHORT,2025-07-17T10:00:00.000Z,FLAT,TRAIN,2025-07,1.57,TP1,3
ETHUSDT,RsiReversionShort,SHORT,2025-07-18T02:00:00.000Z,FLAT,TRAIN,2025-07,-1.05,STOP,3
ETHUSDT,RsiReversionShort,SHORT,2025-07-18T06:00:00.000Z,FLAT,TRAIN,2025-07,1.57,TP1,2
ETHUSDT,RangeBreakoutLong,LONG,2025-07-20T03:00:00.000Z,FLAT,TRAIN,2025-07,-2.68,STOP,86
ETHUSDT,RangeBreakoutLong,LONG,2025-07-27T10:00:00.000Z,FLAT,TRAIN,2025-07,-1.89,STOP,40
ETHUSDT,RangeBreakoutLong,LONG,2025-07-31T02:00:00.000Z,FLAT,TRAIN,2025-07,-3.13,STOP,17
ETHUSDT,RangeBreakoutShort,SHORT,2025-07-31T23:00:00.000Z,FLAT,TRAIN,2025-07,4.64,TP1,21
ETHUSDT,RsiReversionLong,LONG,2025-08-01T20:00:00.000Z,FLAT,TRAIN,2025-08,-1.72,STOP,2
ETHUSDT,RsiReversionLong,LONG,2025-08-01T23:00:00.000Z,FLAT,TRAIN,2025-08,-1.88,STOP,18
ETHUSDT,RangeBreakoutLong,LONG,2025-08-07T08:00:00.000Z,FLAT,TRAIN,2025-08,3.80,TP1,13
ETHUSDT,RangeBreakoutShort,SHORT,2025-08-21T16:00:00.000Z,FLAT,TRAIN,2025-08,-2.62,STOP,15
ETHUSDT,RsiReversionShort,SHORT,2025-08-22T18:00:00.000Z,FLAT,TRAIN,2025-08,-1.57,STOP,2
ETHUSDT,RangeBreakoutShort,SHORT,2025-08-29T07:00:00.000Z,FLAT,TRAIN,2025-08,-2.89,STOP,329
ETHUSDT,RangeBreakoutShort,SHORT,2025-09-19T14:00:00.000Z,FLAT,TRAIN,2025-09,3.28,TP2,58
ETHUSDT,RsiReversionLong,LONG,2025-10-21T05:00:00.000Z,FLAT,TRAIN,2025-10,2.33,TP2,9
ETHUSDT,RsiReversionShort,SHORT,2025-10-24T05:00:00.000Z,FLAT,TRAIN,2025-10,-0.77,STOP,7
ETHUSDT,RangeBreakoutLong,LONG,2025-10-26T09:00:00.000Z,FLAT,TRAIN,2025-10,2.90,TP1,13
ETHUSDT,RangeBreakoutShort,SHORT,2025-11-11T20:00:00.000Z,FLAT,TRAIN,2025-11,-2.75,STOP,14
ETHUSDT,RsiReversionLong,LONG,2025-11-13T21:00:00.000Z,FLAT,TRAIN,2025-11,1.86,TP1,2
ETHUSDT,RsiReversionLong,LONG,2025-11-14T01:00:00.000Z,FLAT,TRAIN,2025-11,-1.02,STOP,3
ETHUSDT,RsiReversionLong,LONG,2025-11-14T05:00:00.000Z,FLAT,TRAIN,2025-11,-2.90,STOP,7
ETHUSDT,RangeBreakoutLong,LONG,2025-11-27T01:00:00.000Z,FLAT,TRAIN,2025-11,-1.75,STOP,11
ETHUSDT,RangeBreakoutLong,LONG,2025-11-30T12:00:00.000Z,FLAT,TRAIN,2025-11,-1.22,STOP,11
ETHUSDT,RsiReversionLong,LONG,2025-12-01T01:00:00.000Z,FLAT,TRAIN,2025-12,-1.07,STOP,2
ETHUSDT,RangeBreakoutLong,LONG,2025-12-08T09:00:00.000Z,FLAT,TRAIN,2025-12,-1.77,STOP,6
ETHUSDT,RsiReversionShort,SHORT,2025-12-09T19:00:00.000Z,FLAT,TRAIN,2025-12,-1.23,STOP,23
ETHUSDT,RsiReversionLong,LONG,2025-12-15T18:00:00.000Z,FLAT,TRAIN,2025-12,-1.76,STOP,10
ETHUSDT,RangeBreakoutLong,LONG,2025-12-29T00:00:00.000Z,FLAT,TRAIN,2025-12,-1.56,STOP,12
ETHUSDT,RangeBreakoutLong,LONG,2026-01-11T12:00:00.000Z,FLAT,TEST,2026-01,1.50,TP1,15
ETHUSDT,RangeBreakoutLong,LONG,2026-01-13T15:00:00.000Z,FLAT,TEST,2026-01,5.03,TP2,7
ETHUSDT,RsiReversionShort,SHORT,2026-01-13T23:00:00.000Z,FLAT,TEST,2026-01,-1.57,STOP,17
ETHUSDT,RangeBreakoutLong,LONG,2026-01-17T15:00:00.000Z,FLAT,TEST,2026-01,-1.35,STOP,32
ETHUSDT,RangeBreakoutShort,SHORT,2026-01-18T23:00:00.000Z,FLAT,TEST,2026-01,4.90,TP1,33
ETHUSDT,RangeBreakoutShort,SHORT,2026-01-29T14:00:00.000Z,FLAT,TEST,2026-01,5.19,TP1,11
ETHUSDT,RsiReversionShort,SHORT,2026-02-13T17:00:00.000Z,FLAT,TEST,2026-02,-1.06,STOP,15
ETHUSDT,RangeBreakoutLong,LONG,2026-02-14T08:00:00.000Z,FLAT,TEST,2026-02,-1.80,STOP,19
ETHUSDT,RangeBreakoutLong,LONG,2026-02-18T07:00:00.000Z,FLAT,TEST,2026-02,-2.14,STOP,5
ETHUSDT,RsiReversionLong,LONG,2026-02-19T14:00:00.000Z,FLAT,TEST,2026-02,-1.61,STOP,83
ETHUSDT,RsiReversionShort,SHORT,2026-03-02T17:00:00.000Z,FLAT,TEST,2026-03,4.76,TP1,21
ETHUSDT,RsiReversionShort,SHORT,2026-03-04T10:00:00.000Z,FLAT,TEST,2026-03,-1.33,STOP,4
ETHUSDT,RsiReversionShort,SHORT,2026-03-04T16:00:00.000Z,FLAT,TEST,2026-03,-1.42,STOP,3
ETHUSDT,RsiReversionShort,SHORT,2026-03-04T20:00:00.000Z,FLAT,TEST,2026-03,4.53,TP1,40
ETHUSDT,RangeBreakoutShort,SHORT,2026-03-06T13:00:00.000Z,FLAT,TEST,2026-03,-3.16,STOP,99
ETHUSDT,RsiReversionShort,SHORT,2026-03-13T02:00:00.000Z,FLAT,TEST,2026-03,-1.49,STOP,10
ETHUSDT,RangeBreakoutShort,SHORT,2026-03-26T05:00:00.000Z,FLAT,TEST,2026-03,4.72,TP1,29
ETHUSDT,RangeBreakoutLong,LONG,2026-04-04T19:00:00.000Z,FLAT,TEST,2026-04,-1.21,STOP,11
ETHUSDT,RangeBreakoutShort,SHORT,2026-04-05T06:00:00.000Z,FLAT,TEST,2026-04,-1.41,STOP,9
ETHUSDT,RangeBreakoutLong,LONG,2026-04-05T22:00:00.000Z,FLAT,TEST,2026-04,3.44,TP1,11
ETHUSDT,RangeBreakoutLong,LONG,2026-04-06T09:00:00.000Z,FLAT,TEST,2026-04,-1.63,STOP,13
ETHUSDT,RangeBreakoutShort,SHORT,2026-04-19T17:00:00.000Z,FLAT,TEST,2026-04,-2.45,STOP,57
ETHUSDT,RangeBreakoutLong,LONG,2026-04-22T02:00:00.000Z,FLAT,TEST,2026-04,-2.93,STOP,39
ETHUSDT,RangeBreakoutLong,LONG,2026-04-26T05:00:00.000Z,FLAT,TEST,2026-04,1.87,TP1,17
ETHUSDT,RsiReversionShort,SHORT,2026-04-26T22:00:00.000Z,FLAT,TEST,2026-04,-1.13,STOP,2
ETHUSDT,RangeBreakoutLong,LONG,2026-04-27T00:00:00.000Z,FLAT,TEST,2026-04,-1.93,STOP,5
ETHUSDT,RangeBreakoutShort,SHORT,2026-04-27T15:00:00.000Z,FLAT,TEST,2026-04,-2.51,STOP,37
ETHUSDT,RangeBreakoutLong,LONG,2026-04-29T04:00:00.000Z,FLAT,TEST,2026-04,-2.21,STOP,11
ETHUSDT,RsiReversionLong,LONG,2026-04-29T20:00:00.000Z,FLAT,TEST,2026-04,1.66,TP1,31
ETHUSDT,RangeBreakoutLong,LONG,2026-05-01T03:00:00.000Z,FLAT,TEST,2026-05,2.64,TP1,67
ETHUSDT,RangeBreakoutLong,LONG,2026-05-04T02:00:00.000Z,FLAT,TEST,2026-05,-2.82,STOP,84
ETHUSDT,RangeBreakoutLong,LONG,2026-05-09T17:00:00.000Z,FLAT,TEST,2026-05,-1.48,STOP,56
ETHUSDT,RangeBreakoutShort,SHORT,2026-05-12T08:00:00.000Z,FLAT,TEST,2026-05,-1.50,STOP,25
ETHUSDT,RangeBreakoutShort,SHORT,2026-05-27T21:00:00.000Z,FLAT,TEST,2026-05,5.02,TP1,138
ETHUSDT,RangeBreakoutShort,SHORT,2026-06-14T12:00:00.000Z,FLAT,TEST,2026-06,-1.00,STOP,9
ETHUSDT,RsiReversionShort,SHORT,2026-06-15T00:00:00.000Z,FLAT,TEST,2026-06,-1.07,STOP,10
ETHUSDT,RangeBreakoutLong,LONG,2026-06-15T10:00:00.000Z,FLAT,TEST,2026-06,4.39,TP2,3
ETHUSDT,RangeBreakoutLong,LONG,2026-06-22T01:00:00.000Z,FLAT,TEST,2026-06,-2.49,STOP,29
ETHUSDT,RangeBreakoutShort,SHORT,2026-06-23T06:00:00.000Z,FLAT,TEST,2026-06,4.93,TP1,34
SOLUSDT,RangeBreakoutLong,LONG,2025-07-02T14:00:00.000Z,FLAT,TRAIN,2025-07,-2.23,STOP,49
SOLUSDT,RsiReversionLong,LONG,2025-07-04T17:00:00.000Z,FLAT,TRAIN,2025-07,2.17,TP1,44
SOLUSDT,RangeBreakoutLong,LONG,2025-07-06T13:00:00.000Z,FLAT,TRAIN,2025-07,5.68,TP1,100
SOLUSDT,RsiReversionShort,SHORT,2025-07-10T23:00:00.000Z,FLAT,TRAIN,2025-07,-1.03,STOP,6
SOLUSDT,RsiReversionShort,SHORT,2025-07-14T05:00:00.000Z,FLAT,TRAIN,2025-07,2.44,TP1,15
SOLUSDT,RangeBreakoutShort,SHORT,2025-07-15T14:00:00.000Z,FLAT,TRAIN,2025-07,-2.79,STOP,3
SOLUSDT,RangeBreakoutLong,LONG,2025-07-15T23:00:00.000Z,FLAT,TRAIN,2025-07,4.92,TP1,17
SOLUSDT,RsiReversionShort,SHORT,2025-07-16T18:00:00.000Z,FLAT,TRAIN,2025-07,-1.13,STOP,3
SOLUSDT,RsiReversionShort,SHORT,2025-07-16T21:00:00.000Z,FLAT,TRAIN,2025-07,2.02,TP1,4
SOLUSDT,RsiReversionShort,SHORT,2025-07-17T10:00:00.000Z,FLAT,TRAIN,2025-07,2.32,TP1,6
SOLUSDT,RsiReversionShort,SHORT,2025-07-18T02:00:00.000Z,FLAT,TRAIN,2025-07,-1.19,STOP,2
SOLUSDT,RsiReversionShort,SHORT,2025-07-18T06:00:00.000Z,FLAT,TRAIN,2025-07,1.57,TP1,2
SOLUSDT,RangeBreakoutLong,LONG,2025-07-20T08:00:00.000Z,FLAT,TRAIN,2025-07,3.98,TP1,21
SOLUSDT,RsiReversionShort,SHORT,2025-07-21T10:00:00.000Z,FLAT,TRAIN,2025-07,-0.80,STOP,1
SOLUSDT,RangeBreakoutLong,LONG,2025-07-21T14:00:00.000Z,FLAT,TRAIN,2025-07,-2.76,STOP,47
SOLUSDT,RsiReversionLong,LONG,2025-07-23T14:00:00.000Z,FLAT,TRAIN,2025-07,-2.30,STOP,3
SOLUSDT,RsiReversionLong,LONG,2025-07-24T07:00:00.000Z,FLAT,TRAIN,2025-07,-2.86,STOP,19
SOLUSDT,RangeBreakoutLong,LONG,2025-07-26T08:00:00.000Z,FLAT,TRAIN,2025-07,-1.47,STOP,10
SOLUSDT,RangeBreakoutLong,LONG,2025-07-28T02:00:00.000Z,FLAT,TRAIN,2025-07,-2.74,STOP,15
SOLUSDT,RsiReversionLong,LONG,2025-07-29T02:00:00.000Z,FLAT,TRAIN,2025-07,2.01,TP1,5
SOLUSDT,RangeBreakoutShort,SHORT,2025-07-29T14:00:00.000Z,FLAT,TRAIN,2025-07,5.05,TP1,58
SOLUSDT,RsiReversionLong,LONG,2025-08-01T02:00:00.000Z,FLAT,TRAIN,2025-08,-2.25,STOP,6
SOLUSDT,RsiReversionLong,LONG,2025-08-01T10:00:00.000Z,FLAT,TRAIN,2025-08,-1.24,STOP,3
SOLUSDT,RangeBreakoutShort,SHORT,2025-08-01T13:00:00.000Z,FLAT,TRAIN,2025-08,-2.89,STOP,93
SOLUSDT,RangeBreakoutLong,LONG,2025-08-17T15:00:00.000Z,FLAT,TRAIN,2025-08,-2.08,STOP,3
SOLUSDT,RsiReversionLong,LONG,2025-08-18T04:00:00.000Z,FLAT,TRAIN,2025-08,-1.09,STOP,2
SOLUSDT,RsiReversionLong,LONG,2025-08-18T08:00:00.000Z,FLAT,TRAIN,2025-08,1.03,TP1,4
SOLUSDT,RangeBreakoutShort,SHORT,2025-08-21T16:00:00.000Z,FLAT,TRAIN,2025-08,-3.07,STOP,22
SOLUSDT,RsiReversionShort,SHORT,2025-08-22T18:00:00.000Z,FLAT,TRAIN,2025-08,-1.02,STOP,1
SOLUSDT,RsiReversionShort,SHORT,2025-08-22T22:00:00.000Z,FLAT,TRAIN,2025-08,-1.79,STOP,6
SOLUSDT,RsiReversionShort,SHORT,2025-08-23T06:00:00.000Z,FLAT,TRAIN,2025-08,2.24,TP1,6
SOLUSDT,RangeBreakoutShort,SHORT,2025-08-31T23:00:00.000Z,FLAT,TRAIN,2025-08,-2.76,STOP,43
SOLUSDT,RangeBreakoutLong,LONG,2025-09-02T23:00:00.000Z,FLAT,TRAIN,2025-09,-3.05,STOP,43
SOLUSDT,RangeBreakoutShort,SHORT,2025-09-04T18:00:00.000Z,FLAT,TRAIN,2025-09,-2.74,STOP,18
SOLUSDT,RangeBreakoutLong,LONG,2025-09-05T12:00:00.000Z,FLAT,TRAIN,2025-09,-2.28,STOP,2
SOLUSDT,RangeBreakoutShort,SHORT,2025-09-06T17:00:00.000Z,FLAT,TRAIN,2025-09,-1.57,STOP,14
SOLUSDT,RangeBreakoutLong,LONG,2025-09-07T15:00:00.000Z,FLAT,TRAIN,2025-09,-1.37,STOP,2
SOLUSDT,RangeBreakoutLong,LONG,2025-09-07T22:00:00.000Z,FLAT,TRAIN,2025-09,5.12,TP1,32
SOLUSDT,RangeBreakoutLong,LONG,2025-09-21T03:00:00.000Z,FLAT,TRAIN,2025-09,-1.39,STOP,6
SOLUSDT,RangeBreakoutShort,SHORT,2025-09-22T00:00:00.000Z,FLAT,TRAIN,2025-09,4.83,TP1,6
SOLUSDT,RsiReversionLong,LONG,2025-09-22T10:00:00.000Z,FLAT,TRAIN,2025-09,-1.68,STOP,7
SOLUSDT,RsiReversionLong,LONG,2025-10-15T22:00:00.000Z,FLAT,TRAIN,2025-10,-1.03,STOP,7
SOLUSDT,RsiReversionShort,SHORT,2025-10-21T16:00:00.000Z,FLAT,TRAIN,2025-10,5.22,TP1,26
SOLUSDT,RsiReversionLong,LONG,2025-10-22T22:00:00.000Z,FLAT,TRAIN,2025-10,2.27,TP1,6
SOLUSDT,RangeBreakoutLong,LONG,2025-10-23T13:00:00.000Z,FLAT,TRAIN,2025-10,3.80,TP1,72
SOLUSDT,RangeBreakoutLong,LONG,2025-10-26T13:00:00.000Z,FLAT,TRAIN,2025-10,-2.75,STOP,55
SOLUSDT,RsiReversionLong,LONG,2025-10-30T20:00:00.000Z,FLAT,TRAIN,2025-10,-2.20,STOP,79
SOLUSDT,RangeBreakoutShort,SHORT,2025-11-11T17:00:00.000Z,FLAT,TRAIN,2025-11,5.74,TP1,48
SOLUSDT,RsiReversionShort,SHORT,2025-11-26T19:00:00.000Z,FLAT,TRAIN,2025-11,1.38,TP1,15
SOLUSDT,RangeBreakoutShort,SHORT,2025-11-28T01:00:00.000Z,FLAT,TRAIN,2025-11,-2.85,STOP,12
SOLUSDT,RangeBreakoutShort,SHORT,2025-11-29T18:00:00.000Z,FLAT,TRAIN,2025-11,-1.95,STOP,19
SOLUSDT,RangeBreakoutLong,LONG,2025-11-30T13:00:00.000Z,FLAT,TRAIN,2025-11,-2.36,STOP,10
SOLUSDT,RsiReversionLong,LONG,2025-12-01T01:00:00.000Z,FLAT,TRAIN,2025-12,-0.78,STOP,2
SOLUSDT,RsiReversionLong,LONG,2025-12-01T06:00:00.000Z,FLAT,TRAIN,2025-12,-1.08,STOP,6
SOLUSDT,RangeBreakoutShort,SHORT,2025-12-09T05:00:00.000Z,FLAT,TRAIN,2025-12,-1.93,STOP,10
SOLUSDT,RsiReversionShort,SHORT,2025-12-09T17:00:00.000Z,FLAT,TRAIN,2025-12,2.71,TP1,4
SOLUSDT,RangeBreakoutLong,LONG,2025-12-12T05:00:00.000Z,FLAT,TRAIN,2025-12,-2.64,STOP,10
SOLUSDT,RsiReversionLong,LONG,2025-12-14T18:00:00.000Z,FLAT,TRAIN,2025-12,-1.28,STOP,5
SOLUSDT,RsiReversionLong,LONG,2025-12-15T19:00:00.000Z,FLAT,TRAIN,2025-12,2.42,TP1,15
SOLUSDT,RsiReversionLong,LONG,2025-12-18T21:00:00.000Z,FLAT,TRAIN,2025-12,5.23,TP1,18
SOLUSDT,RangeBreakoutShort,SHORT,2025-12-21T01:00:00.000Z,FLAT,TRAIN,2025-12,-1.40,STOP,23
SOLUSDT,RangeBreakoutShort,SHORT,2025-12-23T13:00:00.000Z,FLAT,TRAIN,2025-12,-1.73,STOP,7
SOLUSDT,RangeBreakoutShort,SHORT,2025-12-24T04:00:00.000Z,FLAT,TRAIN,2025-12,-2.32,STOP,57
SOLUSDT,RangeBreakoutLong,LONG,2025-12-26T13:00:00.000Z,FLAT,TRAIN,2025-12,-2.21,STOP,2
SOLUSDT,RangeBreakoutLong,LONG,2025-12-27T21:00:00.000Z,FLAT,TRAIN,2025-12,2.82,TP1,28
SOLUSDT,RsiReversionShort,SHORT,2025-12-29T03:00:00.000Z,FLAT,TRAIN,2025-12,1.74,TP1,6
SOLUSDT,RangeBreakoutLong,LONG,2025-12-30T16:00:00.000Z,FLAT,TRAIN,2025-12,-1.86,STOP,28
SOLUSDT,RangeBreakoutLong,LONG,2026-01-11T14:00:00.000Z,FLAT,TEST,2026-01,4.00,TP1,56
SOLUSDT,RangeBreakoutShort,SHORT,2026-01-18T01:00:00.000Z,FLAT,TEST,2026-01,2.53,TP1,22
SOLUSDT,RsiReversionLong,LONG,2026-01-19T01:00:00.000Z,FLAT,TEST,2026-01,-2.98,STOP,31
SOLUSDT,RangeBreakoutLong,LONG,2026-02-21T13:00:00.000Z,FLAT,TEST,2026-02,-2.08,STOP,24
SOLUSDT,RangeBreakoutShort,SHORT,2026-02-22T13:00:00.000Z,FLAT,TEST,2026-02,5.23,TP2,12
SOLUSDT,RsiReversionLong,LONG,2026-02-23T05:00:00.000Z,FLAT,TEST,2026-02,2.04,TP1,4
SOLUSDT,RsiReversionShort,SHORT,2026-03-04T10:00:00.000Z,FLAT,TEST,2026-03,-1.77,STOP,4
SOLUSDT,RsiReversionShort,SHORT,2026-03-04T16:00:00.000Z,FLAT,TEST,2026-03,-2.01,STOP,3
SOLUSDT,RsiReversionShort,SHORT,2026-03-04T20:00:00.000Z,FLAT,TEST,2026-03,2.72,TP1,5
SOLUSDT,RsiReversionLong,LONG,2026-03-07T17:00:00.000Z,FLAT,TEST,2026-03,-0.55,STOP,1
SOLUSDT,RangeBreakoutShort,SHORT,2026-03-07T19:00:00.000Z,FLAT,TEST,2026-03,-2.41,STOP,34
SOLUSDT,RangeBreakoutLong,LONG,2026-03-10T14:00:00.000Z,FLAT,TEST,2026-03,-2.74,STOP,7
SOLUSDT,RangeBreakoutShort,SHORT,2026-03-11T11:00:00.000Z,FLAT,TEST,2026-03,-2.07,STOP,2
SOLUSDT,RsiReversionShort,SHORT,2026-03-13T02:00:00.000Z,FLAT,TEST,2026-03,-2.11,STOP,10
SOLUSDT,RsiReversionShort,SHORT,2026-03-13T14:00:00.000Z,FLAT,TEST,2026-03,-2.71,STOP,61
SOLUSDT,RangeBreakoutLong,LONG,2026-03-25T05:00:00.000Z,FLAT,TEST,2026-03,-2.00,STOP,24
SOLUSDT,RangeBreakoutShort,SHORT,2026-03-26T05:00:00.000Z,FLAT,TEST,2026-03,5.74,TP1,29
SOLUSDT,RangeBreakoutShort,SHORT,2026-04-06T23:00:00.000Z,FLAT,TEST,2026-04,-2.81,STOP,21
SOLUSDT,RsiReversionShort,SHORT,2026-04-08T00:00:00.000Z,FLAT,TEST,2026-04,-2.84,STOP,157
SOLUSDT,RangeBreakoutShort,SHORT,2026-04-21T19:00:00.000Z,FLAT,TEST,2026-04,-2.82,STOP,7
SOLUSDT,RangeBreakoutLong,LONG,2026-04-22T02:00:00.000Z,FLAT,TEST,2026-04,-2.84,STOP,39
SOLUSDT,RangeBreakoutLong,LONG,2026-04-27T01:00:00.000Z,FLAT,TEST,2026-04,-2.01,STOP,4
SOLUSDT,RangeBreakoutShort,SHORT,2026-04-27T15:00:00.000Z,FLAT,TEST,2026-04,-2.12,STOP,190
SOLUSDT,RangeBreakoutLong,LONG,2026-05-05T13:00:00.000Z,FLAT,TEST,2026-05,2.76,TP1,19
SOLUSDT,RangeBreakoutLong,LONG,2026-05-25T14:00:00.000Z,FLAT,TEST,2026-05,-1.05,STOP,6
SOLUSDT,RangeBreakoutShort,SHORT,2026-05-26T00:00:00.000Z,FLAT,TEST,2026-05,-1.97,STOP,14
SOLUSDT,RangeBreakoutShort,SHORT,2026-05-26T17:00:00.000Z,FLAT,TEST,2026-05,5.73,TP1,165
SOLUSDT,RangeBreakoutLong,LONG,2026-06-12T14:00:00.000Z,FLAT,TEST,2026-06,4.39,TP1,58
SOLUSDT,RangeBreakoutLong,LONG,2026-06-20T04:00:00.000Z,FLAT,TEST,2026-06,4.35,TP1,30
SOLUSDT,RsiReversionShort,SHORT,2026-06-21T10:00:00.000Z,FLAT,TEST,2026-06,-1.04,STOP,6
SOLUSDT,RangeBreakoutShort,SHORT,2026-06-22T22:00:00.000Z,FLAT,TEST,2026-06,3.90,TP1,10
SOLUSDT,RsiReversionLong,LONG,2026-06-23T09:00:00.000Z,FLAT,TEST,2026-06,-1.43,STOP,30
BNBUSDT,RangeBreakoutLong,LONG,2025-07-02T06:00:00.000Z,FLAT,TRAIN,2025-07,3.55,TP1,207
BNBUSDT,RangeBreakoutLong,LONG,2025-07-10T21:00:00.000Z,FLAT,TRAIN,2025-07,4.66,TP1,149
BNBUSDT,RsiReversionShort,SHORT,2025-07-17T03:00:00.000Z,FLAT,TRAIN,2025-07,-2.19,STOP,11
BNBUSDT,RangeBreakoutLong,LONG,2025-07-17T14:00:00.000Z,FLAT,TRAIN,2025-07,-1.90,STOP,6
BNBUSDT,RangeBreakoutLong,LONG,2025-07-18T01:00:00.000Z,FLAT,TRAIN,2025-07,5.76,TP1,85
BNBUSDT,RangeBreakoutLong,LONG,2025-07-22T18:00:00.000Z,FLAT,TRAIN,2025-07,-2.45,STOP,27
BNBUSDT,RangeBreakoutLong,LONG,2025-07-25T22:00:00.000Z,FLAT,TRAIN,2025-07,2.76,TP1,41
BNBUSDT,RangeBreakoutLong,LONG,2025-07-27T15:00:00.000Z,FLAT,TRAIN,2025-07,-2.73,STOP,68
BNBUSDT,RangeBreakoutShort,SHORT,2025-07-30T11:00:00.000Z,FLAT,TRAIN,2025-07,-2.50,STOP,21
BNBUSDT,RangeBreakoutLong,LONG,2025-07-31T08:00:00.000Z,FLAT,TRAIN,2025-07,-1.81,STOP,5
BNBUSDT,RangeBreakoutShort,SHORT,2025-08-01T08:00:00.000Z,FLAT,TRAIN,2025-08,-3.05,STOP,160
BNBUSDT,RangeBreakoutLong,LONG,2025-08-17T07:00:00.000Z,FLAT,TRAIN,2025-08,-1.46,STOP,19
BNBUSDT,RangeBreakoutShort,SHORT,2025-08-18T02:00:00.000Z,FLAT,TRAIN,2025-08,-2.68,STOP,65
BNBUSDT,RsiReversionShort,SHORT,2025-08-20T22:00:00.000Z,FLAT,TRAIN,2025-08,-1.00,STOP,3
BNBUSDT,RangeBreakoutLong,LONG,2025-08-21T01:00:00.000Z,FLAT,TRAIN,2025-08,-1.97,STOP,3
BNBUSDT,RsiReversionShort,SHORT,2025-08-22T18:00:00.000Z,FLAT,TRAIN,2025-08,1.61,TP1,27
BNBUSDT,RangeBreakoutShort,SHORT,2025-08-24T06:00:00.000Z,FLAT,TRAIN,2025-08,3.21,TP1,38
BNBUSDT,RangeBreakoutLong,LONG,2025-08-26T20:00:00.000Z,FLAT,TRAIN,2025-08,-1.96,STOP,139
BNBUSDT,RangeBreakoutShort,SHORT,2025-09-01T15:00:00.000Z,FLAT,TRAIN,2025-09,-1.52,STOP,47
BNBUSDT,RangeBreakoutShort,SHORT,2025-09-04T18:00:00.000Z,FLAT,TRAIN,2025-09,-1.15,STOP,13
BNBUSDT,RangeBreakoutLong,LONG,2025-09-06T11:00:00.000Z,FLAT,TRAIN,2025-09,1.29,TP1,27
BNBUSDT,RsiReversionLong,LONG,2025-10-16T16:00:00.000Z,FLAT,TRAIN,2025-10,-2.96,STOP,14
BNBUSDT,RangeBreakoutLong,LONG,2025-10-26T11:00:00.000Z,FLAT,TRAIN,2025-10,2.77,TP1,24
BNBUSDT,RangeBreakoutLong,LONG,2025-10-27T11:00:00.000Z,FLAT,TRAIN,2025-10,-2.96,STOP,2
BNBUSDT,RsiReversionLong,LONG,2025-10-28T21:00:00.000Z,FLAT,TRAIN,2025-10,-2.66,STOP,44
BNBUSDT,RangeBreakoutShort,SHORT,2025-11-11T17:00:00.000Z,FLAT,TRAIN,2025-11,3.52,TP1,49
BNBUSDT,RsiReversionLong,LONG,2025-11-13T20:00:00.000Z,FLAT,TRAIN,2025-11,-1.27,STOP,8
BNBUSDT,RangeBreakoutLong,LONG,2025-11-26T16:00:00.000Z,FLAT,TRAIN,2025-11,-2.43,STOP,104
BNBUSDT,RsiReversionLong,LONG,2025-12-01T01:00:00.000Z,FLAT,TRAIN,2025-12,-0.81,STOP,2
BNBUSDT,RsiReversionLong,LONG,2025-12-01T05:00:00.000Z,FLAT,TRAIN,2025-12,0.98,TP1,3
BNBUSDT,RsiReversionLong,LONG,2025-12-01T10:00:00.000Z,FLAT,TRAIN,2025-12,-0.97,STOP,2
BNBUSDT,RangeBreakoutShort,SHORT,2025-12-05T16:00:00.000Z,FLAT,TRAIN,2025-12,-2.53,STOP,49
BNBUSDT,RsiReversionShort,SHORT,2025-12-09T17:00:00.000Z,FLAT,TRAIN,2025-12,2.33,TP1,7
BNBUSDT,RsiReversionLong,LONG,2025-12-11T03:00:00.000Z,FLAT,TRAIN,2025-12,1.81,TP1,18
BNBUSDT,RangeBreakoutLong,LONG,2025-12-12T02:00:00.000Z,FLAT,TRAIN,2025-12,-1.64,STOP,13
BNBUSDT,RangeBreakoutLong,LONG,2025-12-13T15:00:00.000Z,FLAT,TRAIN,2025-12,-1.54,STOP,20
BNBUSDT,RsiReversionLong,LONG,2025-12-15T00:00:00.000Z,FLAT,TRAIN,2025-12,-1.71,STOP,15
BNBUSDT,RsiReversionLong,LONG,2025-12-15T18:00:00.000Z,FLAT,TRAIN,2025-12,2.62,TP1,21
BNBUSDT,RangeBreakoutLong,LONG,2025-12-16T15:00:00.000Z,FLAT,TRAIN,2025-12,-2.19,STOP,14
BNBUSDT,RangeBreakoutShort,SHORT,2025-12-17T15:00:00.000Z,FLAT,TRAIN,2025-12,3.54,TP1,28
BNBUSDT,RangeBreakoutLong,LONG,2025-12-19T19:00:00.000Z,FLAT,TRAIN,2025-12,-1.66,STOP,91
BNBUSDT,RangeBreakoutShort,SHORT,2025-12-23T14:00:00.000Z,FLAT,TRAIN,2025-12,-1.69,STOP,117
BNBUSDT,RangeBreakoutLong,LONG,2026-01-10T18:00:00.000Z,FLAT,TEST,2026-01,-1.62,STOP,30
BNBUSDT,RangeBreakoutLong,LONG,2026-01-13T15:00:00.000Z,FLAT,TEST,2026-01,2.26,TP1,4
BNBUSDT,RsiReversionShort,SHORT,2026-01-13T21:00:00.000Z,FLAT,TEST,2026-01,-0.82,STOP,1
BNBUSDT,RsiReversionShort,SHORT,2026-01-13T23:00:00.000Z,FLAT,TEST,2026-01,-1.32,STOP,88
BNBUSDT,RangeBreakoutLong,LONG,2026-01-17T15:00:00.000Z,FLAT,TEST,2026-01,-1.78,STOP,32
BNBUSDT,RangeBreakoutShort,SHORT,2026-01-18T23:00:00.000Z,FLAT,TEST,2026-01,4.27,TP1,47
BNBUSDT,RangeBreakoutShort,SHORT,2026-01-29T12:00:00.000Z,FLAT,TEST,2026-01,3.38,TP1,6
BNBUSDT,RangeBreakoutShort,SHORT,2026-02-19T13:00:00.000Z,FLAT,TEST,2026-02,-2.21,STOP,16
BNBUSDT,RangeBreakoutLong,LONG,2026-02-20T15:00:00.000Z,FLAT,TEST,2026-02,-2.61,STOP,58
BNBUSDT,RsiReversionLong,LONG,2026-02-23T02:00:00.000Z,FLAT,TEST,2026-02,1.68,TP1,3
BNBUSDT,RsiReversionLong,LONG,2026-02-23T05:00:00.000Z,FLAT,TEST,2026-02,-1.74,STOP,32
BNBUSDT,RsiReversionLong,LONG,2026-02-28T07:00:00.000Z,FLAT,TEST,2026-02,-1.44,STOP,3
BNBUSDT,RsiReversionLong,LONG,2026-02-28T10:00:00.000Z,FLAT,TEST,2026-02,2.18,TP1,8
BNBUSDT,RangeBreakoutLong,LONG,2026-03-01T01:00:00.000Z,FLAT,TEST,2026-03,4.00,TP1,80
BNBUSDT,RsiReversionShort,SHORT,2026-03-04T10:00:00.000Z,FLAT,TEST,2026-03,-0.93,STOP,4
BNBUSDT,RsiReversionShort,SHORT,2026-03-04T14:00:00.000Z,FLAT,TEST,2026-03,-1.21,STOP,1
BNBUSDT,RangeBreakoutLong,LONG,2026-03-04T15:00:00.000Z,FLAT,TEST,2026-03,-2.41,STOP,37
BNBUSDT,RangeBreakoutLong,LONG,2026-03-13T00:00:00.000Z,FLAT,TEST,2026-03,3.59,TP1,75
BNBUSDT,RangeBreakoutLong,LONG,2026-04-07T21:00:00.000Z,FLAT,TEST,2026-04,-2.30,STOP,28
BNBUSDT,RangeBreakoutLong,LONG,2026-04-09T17:00:00.000Z,FLAT,TEST,2026-04,-1.85,STOP,56
BNBUSDT,RsiReversionLong,LONG,2026-04-12T02:00:00.000Z,FLAT,TEST,2026-04,2.55,TP1,44
BNBUSDT,RangeBreakoutLong,LONG,2026-04-13T22:00:00.000Z,FLAT,TEST,2026-04,3.82,TP1,87
BNBUSDT,RangeBreakoutLong,LONG,2026-04-20T18:00:00.000Z,FLAT,TEST,2026-04,3.12,TP1,43
BNBUSDT,RangeBreakoutLong,LONG,2026-04-22T13:00:00.000Z,FLAT,TEST,2026-04,-1.66,STOP,9
BNBUSDT,RangeBreakoutShort,SHORT,2026-04-25T12:00:00.000Z,FLAT,TEST,2026-04,-1.14,STOP,37
BNBUSDT,RangeBreakoutShort,SHORT,2026-04-27T05:00:00.000Z,FLAT,TEST,2026-04,-1.86,STOP,219
BNBUSDT,RangeBreakoutShort,SHORT,2026-05-24T21:00:00.000Z,FLAT,TEST,2026-05,-1.38,STOP,3
BNBUSDT,RangeBreakoutLong,LONG,2026-05-25T12:00:00.000Z,FLAT,TEST,2026-05,-1.62,STOP,12
BNBUSDT,RangeBreakoutShort,SHORT,2026-05-27T21:00:00.000Z,FLAT,TEST,2026-05,-1.90,STOP,56
BNBUSDT,RangeBreakoutLong,LONG,2026-05-30T07:00:00.000Z,FLAT,TEST,2026-05,5.83,TP1,12
BNBUSDT,RangeBreakoutLong,LONG,2026-06-12T14:00:00.000Z,FLAT,TEST,2026-06,-1.23,STOP,9
BNBUSDT,RangeBreakoutShort,SHORT,2026-06-14T14:00:00.000Z,FLAT,TEST,2026-06,-1.41,STOP,7
BNBUSDT,RangeBreakoutLong,LONG,2026-06-14T21:00:00.000Z,FLAT,TEST,2026-06,-2.06,STOP,40
BNBUSDT,RangeBreakoutShort,SHORT,2026-06-17T19:00:00.000Z,FLAT,TEST,2026-06,3.60,TP1,20
BNBUSDT,RsiReversionLong,LONG,2026-06-18T16:00:00.000Z,FLAT,TEST,2026-06,-1.15,STOP,12
BNBUSDT,RangeBreakoutShort,SHORT,2026-06-21T23:00:00.000Z,FLAT,TEST,2026-06,-1.63,STOP,2
BNBUSDT,RangeBreakoutLong,LONG,2026-06-22T01:00:00.000Z,FLAT,TEST,2026-06,-1.99,STOP,29
BNBUSDT,RangeBreakoutShort,SHORT,2026-06-23T06:00:00.000Z,FLAT,TEST,2026-06,3.87,TP1,34
AVAXUSDT,RsiReversionLong,LONG,2025-07-01T23:00:00.000Z,FLAT,TRAIN,2025-07,2.10,TP1,6
AVAXUSDT,RangeBreakoutLong,LONG,2025-07-02T14:00:00.000Z,FLAT,TRAIN,2025-07,4.37,TP1,3
AVAXUSDT,RsiReversionShort,SHORT,2025-07-02T17:00:00.000Z,FLAT,TRAIN,2025-07,-1.94,STOP,12
AVAXUSDT,RangeBreakoutLong,LONG,2025-07-03T05:00:00.000Z,FLAT,TRAIN,2025-07,-2.80,STOP,10
AVAXUSDT,RangeBreakoutShort,SHORT,2025-07-04T14:00:00.000Z,FLAT,TRAIN,2025-07,-1.91,STOP,47
AVAXUSDT,RangeBreakoutLong,LONG,2025-07-06T13:00:00.000Z,FLAT,TRAIN,2025-07,-2.71,STOP,39
AVAXUSDT,RangeBreakoutLong,LONG,2025-07-08T17:00:00.000Z,FLAT,TRAIN,2025-07,4.45,TP1,27
AVAXUSDT,RsiReversionShort,SHORT,2025-07-09T23:00:00.000Z,FLAT,TRAIN,2025-07,-0.99,STOP,13
AVAXUSDT,RangeBreakoutLong,LONG,2025-07-10T12:00:00.000Z,FLAT,TRAIN,2025-07,-1.39,STOP,2
AVAXUSDT,RangeBreakoutLong,LONG,2025-07-10T17:00:00.000Z,FLAT,TRAIN,2025-07,5.20,TP1,12
AVAXUSDT,RangeBreakoutLong,LONG,2025-07-11T05:00:00.000Z,FLAT,TRAIN,2025-07,-2.90,STOP,17
AVAXUSDT,RangeBreakoutLong,LONG,2025-07-13T07:00:00.000Z,FLAT,TRAIN,2025-07,-2.15,STOP,42
AVAXUSDT,RsiReversionLong,LONG,2025-07-15T04:00:00.000Z,FLAT,TRAIN,2025-07,3.70,TP1,13
AVAXUSDT,RsiReversionShort,SHORT,2025-07-18T01:00:00.000Z,FLAT,TRAIN,2025-07,-1.59,STOP,4
AVAXUSDT,RsiReversionShort,SHORT,2025-07-18T06:00:00.000Z,FLAT,TRAIN,2025-07,2.61,TP1,5
AVAXUSDT,RangeBreakoutLong,LONG,2025-07-20T15:00:00.000Z,FLAT,TRAIN,2025-07,-2.25,STOP,7
AVAXUSDT,RangeBreakoutLong,LONG,2025-07-21T07:00:00.000Z,FLAT,TRAIN,2025-07,-2.95,STOP,18
AVAXUSDT,RsiReversionLong,LONG,2025-07-23T14:00:00.000Z,FLAT,TRAIN,2025-07,-2.44,STOP,3
AVAXUSDT,RangeBreakoutLong,LONG,2025-07-26T02:00:00.000Z,FLAT,TRAIN,2025-07,2.11,TP1,12
AVAXUSDT,RangeBreakoutLong,LONG,2025-07-26T14:00:00.000Z,FLAT,TRAIN,2025-07,4.31,TP1,32
AVAXUSDT,RangeBreakoutLong,LONG,2025-07-27T22:00:00.000Z,FLAT,TRAIN,2025-07,-3.07,STOP,24
AVAXUSDT,RsiReversionLong,LONG,2025-07-29T03:00:00.000Z,FLAT,TRAIN,2025-07,-2.58,STOP,11
AVAXUSDT,RangeBreakoutShort,SHORT,2025-07-30T09:00:00.000Z,FLAT,TRAIN,2025-07,5.34,TP1,39
AVAXUSDT,RsiReversionLong,LONG,2025-08-01T01:00:00.000Z,FLAT,TRAIN,2025-08,-2.56,STOP,7
AVAXUSDT,RsiReversionLong,LONG,2025-08-01T10:00:00.000Z,FLAT,TRAIN,2025-08,-1.17,STOP,3
AVAXUSDT,RsiReversionShort,SHORT,2025-08-08T00:00:00.000Z,FLAT,TRAIN,2025-08,-2.02,STOP,14
AVAXUSDT,RangeBreakoutLong,LONG,2025-08-09T01:00:00.000Z,FLAT,TRAIN,2025-08,2.86,TP1,19
AVAXUSDT,RsiReversionShort,SHORT,2025-08-12T21:00:00.000Z,FLAT,TRAIN,2025-08,-1.50,STOP,6
AVAXUSDT,RangeBreakoutLong,LONG,2025-08-13T03:00:00.000Z,FLAT,TRAIN,2025-08,-2.53,STOP,33
AVAXUSDT,RangeBreakoutLong,LONG,2025-08-17T03:00:00.000Z,FLAT,TRAIN,2025-08,3.26,TP1,12
AVAXUSDT,RsiReversionShort,SHORT,2025-08-17T16:00:00.000Z,FLAT,TRAIN,2025-08,-2.35,STOP,1
AVAXUSDT,RangeBreakoutShort,SHORT,2025-08-19T14:00:00.000Z,FLAT,TRAIN,2025-08,-2.91,STOP,29
AVAXUSDT,RangeBreakoutShort,SHORT,2025-08-21T16:00:00.000Z,FLAT,TRAIN,2025-08,-2.63,STOP,22
AVAXUSDT,RsiReversionShort,SHORT,2025-08-22T18:00:00.000Z,FLAT,TRAIN,2025-08,-1.30,STOP,3
AVAXUSDT,RsiReversionShort,SHORT,2025-08-22T22:00:00.000Z,FLAT,TRAIN,2025-08,-1.48,STOP,7
AVAXUSDT,RsiReversionLong,LONG,2025-08-25T22:00:00.000Z,FLAT,TRAIN,2025-08,3.11,TP1,21
AVAXUSDT,RangeBreakoutLong,LONG,2025-08-27T03:00:00.000Z,FLAT,TRAIN,2025-08,-2.47,STOP,53
AVAXUSDT,RangeBreakoutShort,SHORT,2025-08-30T01:00:00.000Z,FLAT,TRAIN,2025-08,-2.29,STOP,2
AVAXUSDT,RangeBreakoutLong,LONG,2025-08-30T15:00:00.000Z,FLAT,TRAIN,2025-08,-2.40,STOP,33
AVAXUSDT,RangeBreakoutShort,SHORT,2025-09-01T04:00:00.000Z,FLAT,TRAIN,2025-09,-3.09,STOP,3
AVAXUSDT,RangeBreakoutLong,LONG,2025-09-02T10:00:00.000Z,FLAT,TRAIN,2025-09,-1.93,STOP,2
AVAXUSDT,RsiReversionShort,SHORT,2025-09-03T10:00:00.000Z,FLAT,TRAIN,2025-09,-1.30,STOP,4
AVAXUSDT,RsiReversionShort,SHORT,2025-09-03T16:00:00.000Z,FLAT,TRAIN,2025-09,2.71,TP1,25
AVAXUSDT,RangeBreakoutShort,SHORT,2025-09-04T17:00:00.000Z,FLAT,TRAIN,2025-09,-2.12,STOP,19
AVAXUSDT,RangeBreakoutLong,LONG,2025-09-05T12:00:00.000Z,FLAT,TRAIN,2025-09,-2.71,STOP,2
AVAXUSDT,RangeBreakoutShort,SHORT,2025-09-06T09:00:00.000Z,FLAT,TRAIN,2025-09,-1.46,STOP,7
AVAXUSDT,RangeBreakoutLong,LONG,2025-09-08T08:00:00.000Z,FLAT,TRAIN,2025-09,3.68,TP1,26
AVAXUSDT,RangeBreakoutShort,SHORT,2025-10-04T14:00:00.000Z,FLAT,TRAIN,2025-10,-2.79,STOP,14
AVAXUSDT,RangeBreakoutShort,SHORT,2025-10-05T19:00:00.000Z,FLAT,TRAIN,2025-10,-2.29,STOP,9
AVAXUSDT,RangeBreakoutShort,SHORT,2025-10-07T08:00:00.000Z,FLAT,TRAIN,2025-10,5.03,TP1,11
AVAXUSDT,RsiReversionLong,LONG,2025-10-07T20:00:00.000Z,FLAT,TRAIN,2025-10,-1.13,STOP,3
AVAXUSDT,RangeBreakoutShort,SHORT,2025-10-07T23:00:00.000Z,FLAT,TRAIN,2025-10,-2.06,STOP,14
AVAXUSDT,RangeBreakoutShort,SHORT,2025-10-09T08:00:00.000Z,FLAT,TRAIN,2025-10,-2.21,STOP,4
AVAXUSDT,RsiReversionLong,LONG,2025-10-28T21:00:00.000Z,FLAT,TRAIN,2025-10,2.92,TP1,21
AVAXUSDT,RangeBreakoutLong,LONG,2025-11-10T00:00:00.000Z,FLAT,TRAIN,2025-11,-2.48,STOP,31
AVAXUSDT,RsiReversionLong,LONG,2025-11-11T22:00:00.000Z,FLAT,TRAIN,2025-11,-1.53,STOP,2
AVAXUSDT,RangeBreakoutShort,SHORT,2025-11-12T00:00:00.000Z,FLAT,TRAIN,2025-11,-2.85,STOP,6
AVAXUSDT,RsiReversionLong,LONG,2025-11-13T21:00:00.000Z,FLAT,TRAIN,2025-11,2.11,TP1,2
AVAXUSDT,RsiReversionLong,LONG,2025-11-14T01:00:00.000Z,FLAT,TRAIN,2025-11,-0.77,STOP,3
AVAXUSDT,RsiReversionLong,LONG,2025-11-14T12:00:00.000Z,FLAT,TRAIN,2025-11,-2.47,STOP,11
AVAXUSDT,RsiReversionShort,SHORT,2025-12-09T17:00:00.000Z,FLAT,TRAIN,2025-12,2.16,TP1,18
AVAXUSDT,RsiReversionLong,LONG,2025-12-11T13:00:00.000Z,FLAT,TRAIN,2025-12,-0.97,STOP,1
AVAXUSDT,RangeBreakoutShort,SHORT,2025-12-11T14:00:00.000Z,FLAT,TRAIN,2025-12,-2.48,STOP,7
AVAXUSDT,RangeBreakoutLong,LONG,2025-12-12T02:00:00.000Z,FLAT,TRAIN,2025-12,-2.77,STOP,13
AVAXUSDT,RsiReversionLong,LONG,2025-12-12T16:00:00.000Z,FLAT,TRAIN,2025-12,2.09,TP1,11
AVAXUSDT,RangeBreakoutShort,SHORT,2025-12-14T09:00:00.000Z,FLAT,TRAIN,2025-12,2.44,TP1,14
AVAXUSDT,RangeBreakoutShort,SHORT,2025-12-21T13:00:00.000Z,FLAT,TRAIN,2025-12,-2.98,STOP,11
AVAXUSDT,RangeBreakoutLong,LONG,2025-12-23T00:00:00.000Z,FLAT,TRAIN,2025-12,-3.15,STOP,13
AVAXUSDT,RangeBreakoutLong,LONG,2025-12-25T02:00:00.000Z,FLAT,TRAIN,2025-12,2.45,TP1,16
AVAXUSDT,RangeBreakoutLong,LONG,2025-12-25T18:00:00.000Z,FLAT,TRAIN,2025-12,-2.71,STOP,5
AVAXUSDT,RsiReversionShort,SHORT,2025-12-28T07:00:00.000Z,FLAT,TRAIN,2025-12,1.27,TP1,5
AVAXUSDT,RsiReversionShort,SHORT,2025-12-29T05:00:00.000Z,FLAT,TRAIN,2025-12,2.50,TP1,4
AVAXUSDT,RangeBreakoutShort,SHORT,2025-12-29T20:00:00.000Z,FLAT,TRAIN,2025-12,-2.60,STOP,70
AVAXUSDT,RsiReversionShort,SHORT,2026-01-01T20:00:00.000Z,FLAT,TEST,2026-01,-2.11,STOP,6
AVAXUSDT,RangeBreakoutLong,LONG,2026-01-02T02:00:00.000Z,FLAT,TEST,2026-01,-2.69,STOP,9
AVAXUSDT,RangeBreakoutLong,LONG,2026-01-11T14:00:00.000Z,FLAT,TEST,2026-01,-1.63,STOP,6
AVAXUSDT,RangeBreakoutShort,SHORT,2026-01-11T22:00:00.000Z,FLAT,TEST,2026-01,-2.66,STOP,4
AVAXUSDT,RsiReversionShort,SHORT,2026-01-13T18:00:00.000Z,FLAT,TEST,2026-01,-0.99,STOP,4
AVAXUSDT,RangeBreakoutLong,LONG,2026-01-13T22:00:00.000Z,FLAT,TEST,2026-01,-2.23,STOP,15
AVAXUSDT,RangeBreakoutShort,SHORT,2026-01-15T15:00:00.000Z,FLAT,TEST,2026-01,5.12,TP1,25
AVAXUSDT,RangeBreakoutShort,SHORT,2026-01-18T12:00:00.000Z,FLAT,TEST,2026-01,-1.08,STOP,6
AVAXUSDT,RsiReversionLong,LONG,2026-01-19T02:00:00.000Z,FLAT,TEST,2026-01,-1.84,STOP,30
AVAXUSDT,RangeBreakoutShort,SHORT,2026-01-29T11:00:00.000Z,FLAT,TEST,2026-01,3.34,TP1,3
AVAXUSDT,RsiReversionLong,LONG,2026-01-29T16:00:00.000Z,FLAT,TEST,2026-01,-1.73,STOP,2
AVAXUSDT,RsiReversionLong,LONG,2026-01-29T19:00:00.000Z,FLAT,TEST,2026-01,-1.98,STOP,6
AVAXUSDT,RangeBreakoutLong,LONG,2026-02-13T14:00:00.000Z,FLAT,TEST,2026-02,3.44,TP1,21
AVAXUSDT,RangeBreakoutLong,LONG,2026-02-14T11:00:00.000Z,FLAT,TEST,2026-02,-2.73,STOP,52
AVAXUSDT,RangeBreakoutShort,SHORT,2026-02-17T14:00:00.000Z,FLAT,TEST,2026-02,-2.24,STOP,2
AVAXUSDT,RangeBreakoutShort,SHORT,2026-02-18T13:00:00.000Z,FLAT,TEST,2026-02,-2.55,STOP,42
AVAXUSDT,RsiReversionShort,SHORT,2026-02-20T10:00:00.000Z,FLAT,TEST,2026-02,2.77,TP1,3
AVAXUSDT,RangeBreakoutLong,LONG,2026-02-21T13:00:00.000Z,FLAT,TEST,2026-02,-2.36,STOP,10
AVAXUSDT,RangeBreakoutShort,SHORT,2026-02-22T00:00:00.000Z,FLAT,TEST,2026-02,5.02,TP1,25
AVAXUSDT,RsiReversionLong,LONG,2026-02-23T02:00:00.000Z,FLAT,TEST,2026-02,2.34,TP1,7
AVAXUSDT,RsiReversionShort,SHORT,2026-03-04T16:00:00.000Z,FLAT,TEST,2026-03,-2.13,STOP,3
AVAXUSDT,RangeBreakoutShort,SHORT,2026-03-05T17:00:00.000Z,FLAT,TEST,2026-03,5.30,TP1,77
AVAXUSDT,RangeBreakoutLong,LONG,2026-03-09T19:00:00.000Z,FLAT,TEST,2026-03,3.88,TP1,20
AVAXUSDT,RangeBreakoutShort,SHORT,2026-03-26T09:00:00.000Z,FLAT,TEST,2026-03,5.68,TP1,26
AVAXUSDT,RangeBreakoutLong,LONG,2026-04-03T05:00:00.000Z,FLAT,TEST,2026-04,5.27,TP2,67
AVAXUSDT,RsiReversionShort,SHORT,2026-04-06T03:00:00.000Z,FLAT,TEST,2026-04,4.44,TP1,20
AVAXUSDT,RangeBreakoutLong,LONG,2026-04-09T21:00:00.000Z,FLAT,TEST,2026-04,-2.06,STOP,40
AVAXUSDT,RangeBreakoutLong,LONG,2026-04-13T13:00:00.000Z,FLAT,TEST,2026-04,5.87,TP1,79
AVAXUSDT,RangeBreakoutLong,LONG,2026-04-20T20:00:00.000Z,FLAT,TEST,2026-04,-2.54,STOP,163
AVAXUSDT,RangeBreakoutShort,SHORT,2026-04-27T15:00:00.000Z,FLAT,TEST,2026-04,-2.22,STOP,37
AVAXUSDT,RangeBreakoutLong,LONG,2026-04-29T04:00:00.000Z,FLAT,TEST,2026-04,-2.26,STOP,11
AVAXUSDT,RangeBreakoutShort,SHORT,2026-04-29T18:00:00.000Z,FLAT,TEST,2026-04,-2.43,STOP,104
AVAXUSDT,RangeBreakoutLong,LONG,2026-05-05T10:00:00.000Z,FLAT,TEST,2026-05,2.92,TP1,22
AVAXUSDT,RangeBreakoutLong,LONG,2026-05-06T08:00:00.000Z,FLAT,TEST,2026-05,-2.65,STOP,6
AVAXUSDT,RangeBreakoutLong,LONG,2026-05-08T14:00:00.000Z,FLAT,TEST,2026-05,4.13,TP1,49
AVAXUSDT,RangeBreakoutShort,SHORT,2026-05-16T06:00:00.000Z,FLAT,TEST,2026-05,-2.17,STOP,150
AVAXUSDT,RangeBreakoutShort,SHORT,2026-05-24T21:00:00.000Z,FLAT,TEST,2026-05,-2.26,STOP,8
AVAXUSDT,RangeBreakoutLong,LONG,2026-05-25T10:00:00.000Z,FLAT,TEST,2026-05,-1.91,STOP,14
AVAXUSDT,RangeBreakoutShort,SHORT,2026-05-28T03:00:00.000Z,FLAT,TEST,2026-05,4.41,TP1,131
AVAXUSDT,RsiReversionLong,LONG,2026-06-02T16:00:00.000Z,FLAT,TEST,2026-06,-1.90,STOP,3
AVAXUSDT,RsiReversionLong,LONG,2026-06-02T20:00:00.000Z,FLAT,TEST,2026-06,-2.14,STOP,2
AVAXUSDT,RsiReversionLong,LONG,2026-06-02T23:00:00.000Z,FLAT,TEST,2026-06,-2.09,STOP,4
AVAXUSDT,RangeBreakoutLong,LONG,2026-06-15T10:00:00.000Z,FLAT,TEST,2026-06,2.97,TP1,6
AVAXUSDT,RsiReversionShort,SHORT,2026-06-15T17:00:00.000Z,FLAT,TEST,2026-06,1.99,TP1,5
AVAXUSDT,RangeBreakoutShort,SHORT,2026-06-18T04:00:00.000Z,FLAT,TEST,2026-06,4.73,TP1,11
AVAXUSDT,RsiReversionLong,LONG,2026-06-18T16:00:00.000Z,FLAT,TEST,2026-06,-2.13,STOP,11
AVAXUSDT,RangeBreakoutShort,SHORT,2026-06-19T03:00:00.000Z,FLAT,TEST,2026-06,5.35,TP1,15
AVAXUSDT,RangeBreakoutLong,LONG,2026-06-23T22:00:00.000Z,FLAT,TEST,2026-06,-3.14,STOP,17
AVAXUSDT,RsiReversionLong,LONG,2026-06-24T18:00:00.000Z,FLAT,TEST,2026-06,3.36,TP1,2
AVAXUSDT,RangeBreakoutLong,LONG,2026-06-25T05:00:00.000Z,FLAT,TEST,2026-06,-2.56,STOP,7
AVAXUSDT,RsiReversionLong,LONG,2026-06-25T14:00:00.000Z,FLAT,TEST,2026-06,5.43,TP1,27
AVAXUSDT,RangeBreakoutLong,LONG,2026-06-26T22:00:00.000Z,FLAT,TEST,2026-06,-3.06,STOP,32
AVAXUSDT,RsiReversionShort,SHORT,2026-06-29T04:00:00.000Z,FLAT,TEST,2026-06,-1.46,STOP,8
LINKUSDT,RangeBreakoutLong,LONG,2025-07-02T14:00:00.000Z,FLAT,TRAIN,2025-07,3.50,TP1,4
LINKUSDT,RsiReversionShort,SHORT,2025-07-02T20:00:00.000Z,FLAT,TRAIN,2025-07,-1.29,STOP,11
LINKUSDT,RsiReversionShort,SHORT,2025-07-03T08:00:00.000Z,FLAT,TRAIN,2025-07,-0.95,STOP,1
LINKUSDT,RangeBreakoutShort,SHORT,2025-07-04T06:00:00.000Z,FLAT,TRAIN,2025-07,-2.35,STOP,107
LINKUSDT,RangeBreakoutLong,LONG,2025-07-08T17:00:00.000Z,FLAT,TRAIN,2025-07,5.06,TP1,48
LINKUSDT,RsiReversionShort,SHORT,2025-07-10T18:00:00.000Z,FLAT,TRAIN,2025-07,-1.24,STOP,2
LINKUSDT,RsiReversionShort,SHORT,2025-07-10T23:00:00.000Z,FLAT,TRAIN,2025-07,-1.08,STOP,3
LINKUSDT,RsiReversionShort,SHORT,2025-07-11T03:00:00.000Z,FLAT,TRAIN,2025-07,-0.79,STOP,2
LINKUSDT,RsiReversionShort,SHORT,2025-07-11T06:00:00.000Z,FLAT,TRAIN,2025-07,-2.20,STOP,7
LINKUSDT,RangeBreakoutLong,LONG,2025-07-11T13:00:00.000Z,FLAT,TRAIN,2025-07,-3.03,STOP,9
LINKUSDT,RangeBreakoutLong,LONG,2025-07-13T11:00:00.000Z,FLAT,TRAIN,2025-07,3.74,TP1,16
LINKUSDT,RsiReversionShort,SHORT,2025-07-14T05:00:00.000Z,FLAT,TRAIN,2025-07,-1.55,STOP,7
LINKUSDT,RangeBreakoutLong,LONG,2025-07-14T12:00:00.000Z,FLAT,TRAIN,2025-07,-2.65,STOP,3
LINKUSDT,RangeBreakoutLong,LONG,2025-07-16T07:00:00.000Z,FLAT,TRAIN,2025-07,5.64,TP1,38
LINKUSDT,RsiReversionShort,SHORT,2025-07-18T02:00:00.000Z,FLAT,TRAIN,2025-07,-1.70,STOP,2
LINKUSDT,RsiReversionShort,SHORT,2025-07-18T06:00:00.000Z,FLAT,TRAIN,2025-07,3.00,TP1,8
LINKUSDT,RangeBreakoutLong,LONG,2025-07-20T03:00:00.000Z,FLAT,TRAIN,2025-07,4.67,TP1,12
LINKUSDT,RangeBreakoutLong,LONG,2025-07-20T15:00:00.000Z,FLAT,TRAIN,2025-07,-2.80,STOP,7
LINKUSDT,RsiReversionShort,SHORT,2025-07-21T11:00:00.000Z,FLAT,TRAIN,2025-07,2.50,TP1,5
LINKUSDT,RsiReversionLong,LONG,2025-07-23T14:00:00.000Z,FLAT,TRAIN,2025-07,-2.68,STOP,3
LINKUSDT,RangeBreakoutLong,LONG,2025-07-26T19:00:00.000Z,FLAT,TRAIN,2025-07,3.44,TP1,27
LINKUSDT,RangeBreakoutLong,LONG,2025-07-27T22:00:00.000Z,FLAT,TRAIN,2025-07,-1.98,STOP,15
LINKUSDT,RsiReversionLong,LONG,2025-07-28T19:00:00.000Z,FLAT,TRAIN,2025-07,-1.17,STOP,1
LINKUSDT,RsiReversionLong,LONG,2025-07-28T21:00:00.000Z,FLAT,TRAIN,2025-07,-1.27,STOP,3
LINKUSDT,RsiReversionLong,LONG,2025-07-29T00:00:00.000Z,FLAT,TRAIN,2025-07,-1.42,STOP,2
LINKUSDT,RsiReversionLong,LONG,2025-07-29T03:00:00.000Z,FLAT,TRAIN,2025-07,-2.39,STOP,11
LINKUSDT,RangeBreakoutShort,SHORT,2025-07-30T10:00:00.000Z,FLAT,TRAIN,2025-07,-2.62,STOP,16
LINKUSDT,RangeBreakoutLong,LONG,2025-07-31T08:00:00.000Z,FLAT,TRAIN,2025-07,-1.53,STOP,4
LINKUSDT,RsiReversionLong,LONG,2025-08-01T02:00:00.000Z,FLAT,TRAIN,2025-08,-2.34,STOP,4
LINKUSDT,RsiReversionLong,LONG,2025-08-01T06:00:00.000Z,FLAT,TRAIN,2025-08,-1.29,STOP,2
LINKUSDT,RsiReversionLong,LONG,2025-08-01T10:00:00.000Z,FLAT,TRAIN,2025-08,-1.03,STOP,3
LINKUSDT,RsiReversionLong,LONG,2025-08-01T14:00:00.000Z,FLAT,TRAIN,2025-08,-3.12,STOP,6
LINKUSDT,RsiReversionLong,LONG,2025-08-01T23:00:00.000Z,FLAT,TRAIN,2025-08,-2.66,STOP,18
LINKUSDT,RsiReversionShort,SHORT,2025-08-07T14:00:00.000Z,FLAT,TRAIN,2025-08,-3.05,STOP,5
LINKUSDT,RsiReversionLong,LONG,2025-08-25T22:00:00.000Z,FLAT,TRAIN,2025-08,-1.96,STOP,8
LINKUSDT,RangeBreakoutLong,LONG,2025-08-26T22:00:00.000Z,FLAT,TRAIN,2025-08,-2.82,STOP,22
LINKUSDT,RsiReversionShort,SHORT,2025-08-28T14:00:00.000Z,FLAT,TRAIN,2025-08,4.11,TP1,11
LINKUSDT,RangeBreakoutShort,SHORT,2025-08-30T01:00:00.000Z,FLAT,TRAIN,2025-08,-2.99,STOP,23
LINKUSDT,RangeBreakoutLong,LONG,2025-08-31T00:00:00.000Z,FLAT,TRAIN,2025-08,-2.30,STOP,23
LINKUSDT,RangeBreakoutShort,SHORT,2025-08-31T23:00:00.000Z,FLAT,TRAIN,2025-08,-2.99,STOP,74
LINKUSDT,RangeBreakoutLong,LONG,2025-09-04T01:00:00.000Z,FLAT,TRAIN,2025-09,-1.39,STOP,1
LINKUSDT,RangeBreakoutShort,SHORT,2025-09-04T14:00:00.000Z,FLAT,TRAIN,2025-09,-2.31,STOP,112
LINKUSDT,RangeBreakoutLong,LONG,2025-10-01T14:00:00.000Z,FLAT,TRAIN,2025-10,-1.74,STOP,25
LINKUSDT,RangeBreakoutShort,SHORT,2025-10-04T08:00:00.000Z,FLAT,TRAIN,2025-10,-1.95,STOP,18
LINKUSDT,RangeBreakoutLong,LONG,2025-10-05T02:00:00.000Z,FLAT,TRAIN,2025-10,-2.38,STOP,18
LINKUSDT,RsiReversionLong,LONG,2025-10-06T01:00:00.000Z,FLAT,TRAIN,2025-10,3.62,TP1,13
LINKUSDT,RsiReversionShort,SHORT,2025-10-06T20:00:00.000Z,FLAT,TRAIN,2025-10,-1.20,STOP,5
LINKUSDT,RsiReversionShort,SHORT,2025-10-07T01:00:00.000Z,FLAT,TRAIN,2025-10,2.04,TP1,6
LINKUSDT,RangeBreakoutLong,LONG,2025-10-08T17:00:00.000Z,FLAT,TRAIN,2025-10,-2.90,STOP,15
LINKUSDT,RangeBreakoutShort,SHORT,2025-10-09T14:00:00.000Z,FLAT,TRAIN,2025-10,-2.61,STOP,8
LINKUSDT,RangeBreakoutShort,SHORT,2025-10-22T09:00:00.000Z,FLAT,TRAIN,2025-10,-2.62,STOP,51
LINKUSDT,RangeBreakoutLong,LONG,2025-10-24T12:00:00.000Z,FLAT,TRAIN,2025-10,-2.15,STOP,2
LINKUSDT,RangeBreakoutLong,LONG,2025-10-25T18:00:00.000Z,FLAT,TRAIN,2025-10,-1.28,STOP,7
LINKUSDT,RangeBreakoutLong,LONG,2025-10-26T22:00:00.000Z,FLAT,TRAIN,2025-10,-2.95,STOP,31
LINKUSDT,RsiReversionLong,LONG,2025-10-30T16:00:00.000Z,FLAT,TRAIN,2025-10,-1.28,STOP,1
LINKUSDT,RsiReversionLong,LONG,2025-10-30T20:00:00.000Z,FLAT,TRAIN,2025-10,4.61,TP1,59
LINKUSDT,RsiReversionLong,LONG,2025-11-11T22:00:00.000Z,FLAT,TRAIN,2025-11,-1.42,STOP,3
LINKUSDT,RsiReversionLong,LONG,2025-11-13T22:00:00.000Z,FLAT,TRAIN,2025-11,-2.72,STOP,6
LINKUSDT,RsiReversionShort,SHORT,2025-11-26T19:00:00.000Z,FLAT,TRAIN,2025-11,-0.84,STOP,7
LINKUSDT,RangeBreakoutShort,SHORT,2025-11-28T01:00:00.000Z,FLAT,TRAIN,2025-11,-2.74,STOP,8
LINKUSDT,RangeBreakoutLong,LONG,2025-11-30T13:00:00.000Z,FLAT,TRAIN,2025-11,-2.70,STOP,10
LINKUSDT,RsiReversionLong,LONG,2025-12-01T01:00:00.000Z,FLAT,TRAIN,2025-12,-0.80,STOP,2
LINKUSDT,RsiReversionLong,LONG,2025-12-01T06:00:00.000Z,FLAT,TRAIN,2025-12,-1.02,STOP,6
LINKUSDT,RsiReversionLong,LONG,2025-12-01T14:00:00.000Z,FLAT,TRAIN,2025-12,-1.10,STOP,1
LINKUSDT,RsiReversionShort,SHORT,2025-12-09T18:00:00.000Z,FLAT,TRAIN,2025-12,3.36,TP1,10
LINKUSDT,RsiReversionLong,LONG,2025-12-11T04:00:00.000Z,FLAT,TRAIN,2025-12,3.18,TP1,17
LINKUSDT,RangeBreakoutLong,LONG,2025-12-12T13:00:00.000Z,FLAT,TRAIN,2025-12,-2.36,STOP,2
LINKUSDT,RangeBreakoutShort,SHORT,2025-12-14T17:00:00.000Z,FLAT,TRAIN,2025-12,-2.30,STOP,9
LINKUSDT,RsiReversionLong,LONG,2025-12-15T18:00:00.000Z,FLAT,TRAIN,2025-12,-2.19,STOP,46
LINKUSDT,RangeBreakoutShort,SHORT,2025-12-21T02:00:00.000Z,FLAT,TRAIN,2025-12,-2.09,STOP,7
LINKUSDT,RsiReversionShort,SHORT,2025-12-29T05:00:00.000Z,FLAT,TRAIN,2025-12,2.24,TP1,4
LINKUSDT,RangeBreakoutShort,SHORT,2025-12-31T16:00:00.000Z,FLAT,TRAIN,2025-12,-2.25,STOP,30
LINKUSDT,RangeBreakoutLong,LONG,2026-01-01T22:00:00.000Z,FLAT,TEST,2026-01,3.80,TP1,17
LINKUSDT,RangeBreakoutLong,LONG,2026-01-12T02:00:00.000Z,FLAT,TEST,2026-01,-2.95,STOP,12
LINKUSDT,RangeBreakoutLong,LONG,2026-01-13T15:00:00.000Z,FLAT,TEST,2026-01,5.13,TP1,25
LINKUSDT,RangeBreakoutShort,SHORT,2026-01-16T15:00:00.000Z,FLAT,TEST,2026-01,-2.48,STOP,23
LINKUSDT,RangeBreakoutLong,LONG,2026-01-17T14:00:00.000Z,FLAT,TEST,2026-01,-1.38,STOP,11
LINKUSDT,RangeBreakoutLong,LONG,2026-01-18T18:00:00.000Z,FLAT,TEST,2026-01,-1.31,STOP,5
LINKUSDT,RsiReversionLong,LONG,2026-01-19T02:00:00.000Z,FLAT,TEST,2026-01,-0.92,STOP,3
LINKUSDT,RsiReversionLong,LONG,2026-01-19T07:00:00.000Z,FLAT,TEST,2026-01,1.13,TP1,12
LINKUSDT,RangeBreakoutShort,SHORT,2026-01-29T02:00:00.000Z,FLAT,TEST,2026-01,4.26,TP1,13
LINKUSDT,RsiReversionShort,SHORT,2026-02-13T17:00:00.000Z,FLAT,TEST,2026-02,-1.35,STOP,15
LINKUSDT,RsiReversionLong,LONG,2026-02-19T14:00:00.000Z,FLAT,TEST,2026-02,2.75,TP1,25
LINKUSDT,RangeBreakoutShort,SHORT,2026-02-22T12:00:00.000Z,FLAT,TEST,2026-02,4.13,TP2,13
LINKUSDT,RsiReversionLong,LONG,2026-02-23T02:00:00.000Z,FLAT,TEST,2026-02,2.65,TP2,7
LINKUSDT,RsiReversionShort,SHORT,2026-03-04T10:00:00.000Z,FLAT,TEST,2026-03,-1.51,STOP,4
LINKUSDT,RsiReversionShort,SHORT,2026-03-04T16:00:00.000Z,FLAT,TEST,2026-03,-1.39,STOP,3
LINKUSDT,RsiReversionShort,SHORT,2026-03-04T20:00:00.000Z,FLAT,TEST,2026-03,3.47,TP1,20
LINKUSDT,RangeBreakoutShort,SHORT,2026-03-07T19:00:00.000Z,FLAT,TEST,2026-03,-1.80,STOP,34
LINKUSDT,RangeBreakoutLong,LONG,2026-03-09T13:00:00.000Z,FLAT,TEST,2026-03,4.67,TP1,95
LINKUSDT,RsiReversionShort,SHORT,2026-03-13T14:00:00.000Z,FLAT,TEST,2026-03,-2.65,STOP,61
LINKUSDT,RsiReversionLong,LONG,2026-03-26T10:00:00.000Z,FLAT,TEST,2026-03,-0.93,STOP,5
LINKUSDT,RsiReversionLong,LONG,2026-03-26T20:00:00.000Z,FLAT,TEST,2026-03,-1.44,STOP,12
LINKUSDT,RangeBreakoutShort,SHORT,2026-04-05T06:00:00.000Z,FLAT,TEST,2026-04,-1.82,STOP,16
LINKUSDT,RangeBreakoutLong,LONG,2026-04-05T23:00:00.000Z,FLAT,TEST,2026-04,5.54,TP1,48
LINKUSDT,RangeBreakoutLong,LONG,2026-04-13T14:00:00.000Z,FLAT,TEST,2026-04,4.68,TP1,9
LINKUSDT,RsiReversionShort,SHORT,2026-04-14T00:00:00.000Z,FLAT,TEST,2026-04,-2.59,STOP,63
LINKUSDT,RangeBreakoutLong,LONG,2026-04-21T10:00:00.000Z,FLAT,TEST,2026-04,-1.76,STOP,7
LINKUSDT,RangeBreakoutLong,LONG,2026-04-22T02:00:00.000Z,FLAT,TEST,2026-04,-2.60,STOP,22
LINKUSDT,RsiReversionLong,LONG,2026-04-23T04:00:00.000Z,FLAT,TEST,2026-04,1.79,TP1,38
LINKUSDT,RangeBreakoutLong,LONG,2026-04-26T11:00:00.000Z,FLAT,TEST,2026-04,-1.10,STOP,18
LINKUSDT,RangeBreakoutShort,SHORT,2026-04-27T13:00:00.000Z,FLAT,TEST,2026-04,-1.02,STOP,1
LINKUSDT,RangeBreakoutShort,SHORT,2026-04-27T15:00:00.000Z,FLAT,TEST,2026-04,-2.31,STOP,37
LINKUSDT,RangeBreakoutLong,LONG,2026-04-29T04:00:00.000Z,FLAT,TEST,2026-04,-1.87,STOP,9
LINKUSDT,RangeBreakoutShort,SHORT,2026-04-29T18:00:00.000Z,FLAT,TEST,2026-04,-2.84,STOP,104
LINKUSDT,RangeBreakoutLong,LONG,2026-05-04T02:00:00.000Z,FLAT,TEST,2026-05,4.67,TP1,34
LINKUSDT,RangeBreakoutShort,SHORT,2026-05-16T06:00:00.000Z,FLAT,TEST,2026-05,4.07,TP1,41
LINKUSDT,RangeBreakoutLong,LONG,2026-05-22T11:00:00.000Z,FLAT,TEST,2026-05,-1.59,STOP,7
LINKUSDT,RsiReversionLong,LONG,2026-05-23T08:00:00.000Z,FLAT,TEST,2026-05,3.98,TP2,12
LINKUSDT,RsiReversionShort,SHORT,2026-05-23T21:00:00.000Z,FLAT,TEST,2026-05,3.46,TP1,92
LINKUSDT,RangeBreakoutShort,SHORT,2026-05-27T17:00:00.000Z,FLAT,TEST,2026-05,4.71,TP1,141
LINKUSDT,RangeBreakoutShort,SHORT,2026-06-02T14:00:00.000Z,FLAT,TEST,2026-06,4.38,TP1,13
LINKUSDT,RangeBreakoutShort,SHORT,2026-06-14T14:00:00.000Z,FLAT,TEST,2026-06,-1.71,STOP,7
LINKUSDT,RsiReversionShort,SHORT,2026-06-15T00:00:00.000Z,FLAT,TEST,2026-06,-1.12,STOP,10
LINKUSDT,RangeBreakoutLong,LONG,2026-06-15T10:00:00.000Z,FLAT,TEST,2026-06,-2.33,STOP,28
LINKUSDT,RangeBreakoutShort,SHORT,2026-06-21T21:00:00.000Z,FLAT,TEST,2026-06,-1.97,STOP,4
LINKUSDT,RangeBreakoutLong,LONG,2026-06-22T11:00:00.000Z,FLAT,TEST,2026-06,-2.42,STOP,10
LINKUSDT,RangeBreakoutShort,SHORT,2026-06-23T06:00:00.000Z,FLAT,TEST,2026-06,5.28,TP1,34
ADAUSDT,RangeBreakoutLong,LONG,2025-07-02T14:00:00.000Z,FLAT,TRAIN,2025-07,4.25,TP1,2
ADAUSDT,RsiReversionShort,SHORT,2025-07-02T17:00:00.000Z,FLAT,TRAIN,2025-07,-1.38,STOP,12
ADAUSDT,RsiReversionShort,SHORT,2025-07-03T08:00:00.000Z,FLAT,TRAIN,2025-07,2.09,TP1,7
ADAUSDT,RangeBreakoutShort,SHORT,2025-07-04T16:00:00.000Z,FLAT,TRAIN,2025-07,-2.98,STOP,45
ADAUSDT,RangeBreakoutLong,LONG,2025-07-06T13:00:00.000Z,FLAT,TRAIN,2025-07,4.92,TP1,71
ADAUSDT,RsiReversionShort,SHORT,2025-07-09T13:00:00.000Z,FLAT,TRAIN,2025-07,-1.88,STOP,6
ADAUSDT,RsiReversionShort,SHORT,2025-07-09T20:00:00.000Z,FLAT,TRAIN,2025-07,-1.12,STOP,2
ADAUSDT,RsiReversionShort,SHORT,2025-07-09T23:00:00.000Z,FLAT,TRAIN,2025-07,-1.22,STOP,8
ADAUSDT,RsiReversionShort,SHORT,2025-07-10T09:00:00.000Z,FLAT,TRAIN,2025-07,-1.21,STOP,7
ADAUSDT,RsiReversionShort,SHORT,2025-07-10T18:00:00.000Z,FLAT,TRAIN,2025-07,-1.46,STOP,3
ADAUSDT,RsiReversionShort,SHORT,2025-07-10T23:00:00.000Z,FLAT,TRAIN,2025-07,-0.81,STOP,2
ADAUSDT,RsiReversionShort,SHORT,2025-07-11T03:00:00.000Z,FLAT,TRAIN,2025-07,-0.96,STOP,1
ADAUSDT,RsiReversionShort,SHORT,2025-07-11T06:00:00.000Z,FLAT,TRAIN,2025-07,-2.16,STOP,2
ADAUSDT,RsiReversionShort,SHORT,2025-07-11T11:00:00.000Z,FLAT,TRAIN,2025-07,-1.64,STOP,1
ADAUSDT,RsiReversionShort,SHORT,2025-07-11T14:00:00.000Z,FLAT,TRAIN,2025-07,-1.60,STOP,1
ADAUSDT,RsiReversionShort,SHORT,2025-07-11T19:00:00.000Z,FLAT,TRAIN,2025-07,1.79,TP2,1
ADAUSDT,RangeBreakoutLong,LONG,2025-07-16T08:00:00.000Z,FLAT,TRAIN,2025-07,7.54,TP2,25
ADAUSDT,RsiReversionShort,SHORT,2025-07-17T11:00:00.000Z,FLAT,TRAIN,2025-07,2.64,TP1,2
ADAUSDT,RsiReversionShort,SHORT,2025-07-18T02:00:00.000Z,FLAT,TRAIN,2025-07,-1.77,STOP,2
ADAUSDT,RangeBreakoutLong,LONG,2025-07-20T03:00:00.000Z,FLAT,TRAIN,2025-07,4.47,TP1,27
ADAUSDT,RsiReversionShort,SHORT,2025-07-21T09:00:00.000Z,FLAT,TRAIN,2025-07,-2.23,STOP,2
ADAUSDT,RsiReversionShort,SHORT,2025-07-21T13:00:00.000Z,FLAT,TRAIN,2025-07,-1.09,STOP,1
ADAUSDT,RsiReversionShort,SHORT,2025-07-21T15:00:00.000Z,FLAT,TRAIN,2025-07,5.45,TP1,13
ADAUSDT,RsiReversionLong,LONG,2025-07-23T14:00:00.000Z,FLAT,TRAIN,2025-07,-2.41,STOP,3
ADAUSDT,RsiReversionLong,LONG,2025-07-23T18:00:00.000Z,FLAT,TRAIN,2025-07,-2.71,STOP,2
ADAUSDT,RangeBreakoutLong,LONG,2025-07-26T02:00:00.000Z,FLAT,TRAIN,2025-07,-2.40,STOP,60
ADAUSDT,RsiReversionLong,LONG,2025-07-28T19:00:00.000Z,FLAT,TRAIN,2025-07,-1.16,STOP,1
ADAUSDT,RsiReversionLong,LONG,2025-07-28T21:00:00.000Z,FLAT,TRAIN,2025-07,-0.99,STOP,1
ADAUSDT,RsiReversionLong,LONG,2025-07-28T23:00:00.000Z,FLAT,TRAIN,2025-07,-1.25,STOP,1
ADAUSDT,RsiReversionLong,LONG,2025-07-29T00:00:00.000Z,FLAT,TRAIN,2025-07,-1.68,STOP,2
ADAUSDT,RsiReversionLong,LONG,2025-07-29T03:00:00.000Z,FLAT,TRAIN,2025-07,-1.98,STOP,11
ADAUSDT,RangeBreakoutShort,SHORT,2025-07-30T10:00:00.000Z,FLAT,TRAIN,2025-07,-2.68,STOP,22
ADAUSDT,RangeBreakoutLong,LONG,2025-07-31T08:00:00.000Z,FLAT,TRAIN,2025-07,-1.67,STOP,4
ADAUSDT,RsiReversionLong,LONG,2025-08-01T02:00:00.000Z,FLAT,TRAIN,2025-08,-2.46,STOP,4
ADAUSDT,RsiReversionLong,LONG,2025-08-01T06:00:00.000Z,FLAT,TRAIN,2025-08,-1.41,STOP,2
ADAUSDT,RsiReversionLong,LONG,2025-08-01T09:00:00.000Z,FLAT,TRAIN,2025-08,-1.54,STOP,13
ADAUSDT,RsiReversionShort,SHORT,2025-08-07T13:00:00.000Z,FLAT,TRAIN,2025-08,1.98,TP1,3
ADAUSDT,RsiReversionShort,SHORT,2025-08-07T23:00:00.000Z,FLAT,TRAIN,2025-08,-0.55,STOP,1
ADAUSDT,RsiReversionShort,SHORT,2025-08-12T21:00:00.000Z,FLAT,TRAIN,2025-08,-1.32,STOP,7
ADAUSDT,RsiReversionShort,SHORT,2025-08-13T04:00:00.000Z,FLAT,TRAIN,2025-08,-1.57,STOP,4
ADAUSDT,RsiReversionShort,SHORT,2025-08-13T11:00:00.000Z,FLAT,TRAIN,2025-08,-0.67,STOP,2
ADAUSDT,RsiReversionLong,LONG,2025-08-19T20:00:00.000Z,FLAT,TRAIN,2025-08,-1.31,STOP,3
ADAUSDT,RangeBreakoutShort,SHORT,2025-08-19T23:00:00.000Z,FLAT,TRAIN,2025-08,-2.41,STOP,16
ADAUSDT,RangeBreakoutShort,SHORT,2025-08-21T17:00:00.000Z,FLAT,TRAIN,2025-08,-3.14,STOP,21
ADAUSDT,RangeBreakoutShort,SHORT,2025-08-24T06:00:00.000Z,FLAT,TRAIN,2025-08,-2.25,STOP,11
ADAUSDT,RsiReversionLong,LONG,2025-08-25T21:00:00.000Z,FLAT,TRAIN,2025-08,-0.79,STOP,3
ADAUSDT,RsiReversionLong,LONG,2025-08-29T09:00:00.000Z,FLAT,TRAIN,2025-08,2.23,TP1,3
ADAUSDT,RangeBreakoutShort,SHORT,2025-08-31T23:00:00.000Z,FLAT,TRAIN,2025-08,-2.30,STOP,8
ADAUSDT,RangeBreakoutLong,LONG,2025-09-02T22:00:00.000Z,FLAT,TRAIN,2025-09,-2.96,STOP,40
ADAUSDT,RangeBreakoutShort,SHORT,2025-09-04T14:00:00.000Z,FLAT,TRAIN,2025-09,-1.89,STOP,17
ADAUSDT,RangeBreakoutLong,LONG,2025-09-05T07:00:00.000Z,FLAT,TRAIN,2025-09,4.03,TP1,80
ADAUSDT,RangeBreakoutShort,SHORT,2025-09-21T09:00:00.000Z,FLAT,TRAIN,2025-09,3.75,TP1,17
ADAUSDT,RsiReversionLong,LONG,2025-09-22T03:00:00.000Z,FLAT,TRAIN,2025-09,-1.43,STOP,2
ADAUSDT,RangeBreakoutShort,SHORT,2025-10-09T08:00:00.000Z,FLAT,TRAIN,2025-10,8.25,TP2,36
ADAUSDT,RangeBreakoutLong,LONG,2025-10-26T09:00:00.000Z,FLAT,TRAIN,2025-10,-2.51,STOP,59
ADAUSDT,RsiReversionLong,LONG,2025-11-11T22:00:00.000Z,FLAT,TRAIN,2025-11,2.88,TP1,15
ADAUSDT,RsiReversionLong,LONG,2025-11-13T21:00:00.000Z,FLAT,TRAIN,2025-11,2.22,TP1,2
ADAUSDT,RangeBreakoutLong,LONG,2025-11-30T13:00:00.000Z,FLAT,TRAIN,2025-11,-2.24,STOP,10
ADAUSDT,RsiReversionLong,LONG,2025-12-01T01:00:00.000Z,FLAT,TRAIN,2025-12,-0.94,STOP,2
ADAUSDT,RsiReversionLong,LONG,2025-12-01T05:00:00.000Z,FLAT,TRAIN,2025-12,-0.90,STOP,1
ADAUSDT,RsiReversionLong,LONG,2025-12-01T07:00:00.000Z,FLAT,TRAIN,2025-12,-2.16,STOP,5
ADAUSDT,RangeBreakoutShort,SHORT,2025-12-05T09:00:00.000Z,FLAT,TRAIN,2025-12,-2.82,STOP,98
ADAUSDT,RsiReversionShort,SHORT,2025-12-09T19:00:00.000Z,FLAT,TRAIN,2025-12,3.27,TP1,12
ADAUSDT,RsiReversionLong,LONG,2025-12-12T17:00:00.000Z,FLAT,TRAIN,2025-12,-1.51,STOP,42
ADAUSDT,RsiReversionLong,LONG,2025-12-21T14:00:00.000Z,FLAT,TRAIN,2025-12,3.30,TP2,10
ADAUSDT,RangeBreakoutLong,LONG,2025-12-22T14:00:00.000Z,FLAT,TRAIN,2025-12,-2.69,STOP,6
ADAUSDT,RangeBreakoutShort,SHORT,2025-12-23T13:00:00.000Z,FLAT,TRAIN,2025-12,4.09,TP1,57
ADAUSDT,RangeBreakoutShort,SHORT,2025-12-31T15:00:00.000Z,FLAT,TRAIN,2025-12,-2.98,STOP,26
ADAUSDT,RangeBreakoutShort,SHORT,2026-01-10T06:00:00.000Z,FLAT,TEST,2026-01,-1.58,STOP,6
ADAUSDT,RangeBreakoutLong,LONG,2026-01-11T12:00:00.000Z,FLAT,TEST,2026-01,-1.75,STOP,3
ADAUSDT,RangeBreakoutShort,SHORT,2026-01-12T13:00:00.000Z,FLAT,TEST,2026-01,-2.77,STOP,2
ADAUSDT,RsiReversionShort,SHORT,2026-01-13T17:00:00.000Z,FLAT,TEST,2026-01,-1.48,STOP,5
ADAUSDT,RsiReversionShort,SHORT,2026-01-13T23:00:00.000Z,FLAT,TEST,2026-01,2.52,TP1,26
ADAUSDT,RsiReversionLong,LONG,2026-01-15T19:00:00.000Z,FLAT,TEST,2026-01,-1.14,STOP,20
ADAUSDT,RangeBreakoutShort,SHORT,2026-01-16T15:00:00.000Z,FLAT,TEST,2026-01,-3.02,STOP,5
ADAUSDT,RangeBreakoutLong,LONG,2026-01-17T14:00:00.000Z,FLAT,TEST,2026-01,-1.80,STOP,11
ADAUSDT,RangeBreakoutShort,SHORT,2026-01-18T14:00:00.000Z,FLAT,TEST,2026-01,-1.36,STOP,4
ADAUSDT,RsiReversionLong,LONG,2026-01-19T02:00:00.000Z,FLAT,TEST,2026-01,-1.49,STOP,30
ADAUSDT,RangeBreakoutLong,LONG,2026-01-27T16:00:00.000Z,FLAT,TEST,2026-01,-2.83,STOP,43
ADAUSDT,RangeBreakoutShort,SHORT,2026-01-29T11:00:00.000Z,FLAT,TEST,2026-01,3.31,TP1,4
ADAUSDT,RsiReversionLong,LONG,2026-01-29T16:00:00.000Z,FLAT,TEST,2026-01,-2.22,STOP,2
ADAUSDT,RsiReversionLong,LONG,2026-01-29T19:00:00.000Z,FLAT,TEST,2026-01,-1.43,STOP,6
ADAUSDT,RangeBreakoutLong,LONG,2026-02-13T15:00:00.000Z,FLAT,TEST,2026-02,4.85,TP1,20
ADAUSDT,RangeBreakoutShort,SHORT,2026-02-19T13:00:00.000Z,FLAT,TEST,2026-02,-2.55,STOP,20
ADAUSDT,RangeBreakoutLong,LONG,2026-02-20T09:00:00.000Z,FLAT,TEST,2026-02,-2.38,STOP,4
ADAUSDT,RsiReversionShort,SHORT,2026-02-20T16:00:00.000Z,FLAT,TEST,2026-02,3.87,TP1,37
ADAUSDT,RangeBreakoutShort,SHORT,2026-02-22T12:00:00.000Z,FLAT,TEST,2026-02,4.58,TP2,13
ADAUSDT,RsiReversionLong,LONG,2026-02-23T02:00:00.000Z,FLAT,TEST,2026-02,2.56,TP1,7
ADAUSDT,RsiReversionLong,LONG,2026-03-03T10:00:00.000Z,FLAT,TEST,2026-03,-0.91,STOP,1
ADAUSDT,RsiReversionLong,LONG,2026-03-03T12:00:00.000Z,FLAT,TEST,2026-03,-1.31,STOP,2
ADAUSDT,RsiReversionLong,LONG,2026-03-03T15:00:00.000Z,FLAT,TEST,2026-03,-1.65,STOP,6
ADAUSDT,RsiReversionShort,SHORT,2026-03-04T16:00:00.000Z,FLAT,TEST,2026-03,2.87,TP1,15
ADAUSDT,RangeBreakoutShort,SHORT,2026-03-06T13:00:00.000Z,FLAT,TEST,2026-03,5.37,TP1,57
ADAUSDT,RsiReversionShort,SHORT,2026-03-10T15:00:00.000Z,FLAT,TEST,2026-03,2.02,TP1,3
ADAUSDT,RangeBreakoutLong,LONG,2026-04-03T05:00:00.000Z,FLAT,TEST,2026-04,4.14,TP1,67
ADAUSDT,RsiReversionShort,SHORT,2026-04-06T03:00:00.000Z,FLAT,TEST,2026-04,2.18,TP1,19
ADAUSDT,RsiReversionLong,LONG,2026-04-07T08:00:00.000Z,FLAT,TEST,2026-04,-0.87,STOP,2
ADAUSDT,RsiReversionLong,LONG,2026-04-07T11:00:00.000Z,FLAT,TEST,2026-04,-0.80,STOP,1
ADAUSDT,RsiReversionLong,LONG,2026-04-07T12:00:00.000Z,FLAT,TEST,2026-04,3.47,TP2,9
ADAUSDT,RsiReversionShort,SHORT,2026-04-08T00:00:00.000Z,FLAT,TEST,2026-04,4.66,TP1,86
ADAUSDT,RangeBreakoutShort,SHORT,2026-04-12T08:00:00.000Z,FLAT,TEST,2026-04,-1.84,STOP,38
ADAUSDT,RsiReversionShort,SHORT,2026-04-15T20:00:00.000Z,FLAT,TEST,2026-04,-1.45,STOP,8
ADAUSDT,RangeBreakoutShort,SHORT,2026-04-19T22:00:00.000Z,FLAT,TEST,2026-04,-2.28,STOP,9
ADAUSDT,RangeBreakoutLong,LONG,2026-04-20T18:00:00.000Z,FLAT,TEST,2026-04,-2.14,STOP,23
ADAUSDT,RangeBreakoutLong,LONG,2026-04-22T02:00:00.000Z,FLAT,TEST,2026-04,-3.02,STOP,22
ADAUSDT,RangeBreakoutLong,LONG,2026-04-24T00:00:00.000Z,FLAT,TEST,2026-04,-2.55,STOP,87
ADAUSDT,RangeBreakoutShort,SHORT,2026-04-27T15:00:00.000Z,FLAT,TEST,2026-04,-1.86,STOP,36
ADAUSDT,RangeBreakoutLong,LONG,2026-04-29T03:00:00.000Z,FLAT,TEST,2026-04,-1.42,STOP,12
ADAUSDT,RangeBreakoutLong,LONG,2026-05-01T03:00:00.000Z,FLAT,TEST,2026-05,2.70,TP1,100
ADAUSDT,RangeBreakoutLong,LONG,2026-05-05T07:00:00.000Z,FLAT,TEST,2026-05,4.37,TP1,25
ADAUSDT,RsiReversionLong,LONG,2026-05-15T14:00:00.000Z,FLAT,TEST,2026-05,-1.23,STOP,16
ADAUSDT,RangeBreakoutShort,SHORT,2026-05-16T06:00:00.000Z,FLAT,TEST,2026-05,4.33,TP1,156
ADAUSDT,RangeBreakoutShort,SHORT,2026-05-28T03:00:00.000Z,FLAT,TEST,2026-05,-2.91,STOP,48
ADAUSDT,RangeBreakoutShort,SHORT,2026-05-31T14:00:00.000Z,FLAT,TEST,2026-05,3.40,TP1,36
ADAUSDT,RsiReversionLong,LONG,2026-06-02T10:00:00.000Z,FLAT,TEST,2026-06,-1.27,STOP,4
XRPUSDT,RangeBreakoutLong,LONG,2025-07-02T15:00:00.000Z,FLAT,TRAIN,2025-07,3.79,TP1,20
XRPUSDT,RsiReversionShort,SHORT,2025-07-03T11:00:00.000Z,FLAT,TRAIN,2025-07,1.65,TP1,4
XRPUSDT,RangeBreakoutShort,SHORT,2025-07-04T06:00:00.000Z,FLAT,TRAIN,2025-07,-1.68,STOP,52
XRPUSDT,RangeBreakoutLong,LONG,2025-07-06T10:00:00.000Z,FLAT,TRAIN,2025-07,4.65,TP1,74
XRPUSDT,RsiReversionShort,SHORT,2025-07-09T13:00:00.000Z,FLAT,TRAIN,2025-07,-1.81,STOP,6
XRPUSDT,RangeBreakoutLong,LONG,2025-07-09T19:00:00.000Z,FLAT,TRAIN,2025-07,5.39,TP1,31
XRPUSDT,RsiReversionShort,SHORT,2025-07-11T03:00:00.000Z,FLAT,TRAIN,2025-07,-1.01,STOP,5
XRPUSDT,RangeBreakoutLong,LONG,2025-07-11T09:00:00.000Z,FLAT,TRAIN,2025-07,6.57,TP2,4
XRPUSDT,RangeBreakoutLong,LONG,2025-07-13T13:00:00.000Z,FLAT,TRAIN,2025-07,-2.28,STOP,8
XRPUSDT,RsiReversionShort,SHORT,2025-07-14T05:00:00.000Z,FLAT,TRAIN,2025-07,-1.91,STOP,3
XRPUSDT,RsiReversionShort,SHORT,2025-07-14T11:00:00.000Z,FLAT,TRAIN,2025-07,-1.53,STOP,2
XRPUSDT,RsiReversionShort,SHORT,2025-07-14T15:00:00.000Z,FLAT,TRAIN,2025-07,-3.01,STOP,50
XRPUSDT,RangeBreakoutLong,LONG,2025-07-16T17:00:00.000Z,FLAT,TRAIN,2025-07,4.84,TP1,15
XRPUSDT,RsiReversionShort,SHORT,2025-07-17T11:00:00.000Z,FLAT,TRAIN,2025-07,2.43,TP1,2
XRPUSDT,RsiReversionShort,SHORT,2025-07-17T13:00:00.000Z,FLAT,TRAIN,2025-07,-1.77,STOP,4
XRPUSDT,RsiReversionShort,SHORT,2025-07-17T19:00:00.000Z,FLAT,TRAIN,2025-07,-2.99,STOP,2
XRPUSDT,RsiReversionShort,SHORT,2025-07-17T22:00:00.000Z,FLAT,TRAIN,2025-07,-2.43,STOP,2
XRPUSDT,RsiReversionShort,SHORT,2025-07-18T01:00:00.000Z,FLAT,TRAIN,2025-07,3.69,TP1,6
XRPUSDT,RangeBreakoutLong,LONG,2025-07-20T08:00:00.000Z,FLAT,TRAIN,2025-07,-2.81,STOP,76
XRPUSDT,RsiReversionLong,LONG,2025-07-23T14:00:00.000Z,FLAT,TRAIN,2025-07,-2.69,STOP,3
XRPUSDT,RsiReversionLong,LONG,2025-07-23T17:00:00.000Z,FLAT,TRAIN,2025-07,-2.66,STOP,3
XRPUSDT,RsiReversionLong,LONG,2025-07-23T23:00:00.000Z,FLAT,TRAIN,2025-07,-2.79,STOP,6
XRPUSDT,RangeBreakoutLong,LONG,2025-07-26T05:00:00.000Z,FLAT,TRAIN,2025-07,3.81,TP1,48
XRPUSDT,RangeBreakoutLong,LONG,2025-07-28T05:00:00.000Z,FLAT,TRAIN,2025-07,-2.96,STOP,8
XRPUSDT,RsiReversionLong,LONG,2025-08-01T02:00:00.000Z,FLAT,TRAIN,2025-08,-2.88,STOP,6
XRPUSDT,RsiReversionLong,LONG,2025-08-01T09:00:00.000Z,FLAT,TRAIN,2025-08,2.28,TP1,3
XRPUSDT,RangeBreakoutLong,LONG,2025-08-06T15:00:00.000Z,FLAT,TRAIN,2025-08,7.68,TP2,30
XRPUSDT,RsiReversionShort,SHORT,2025-08-07T23:00:00.000Z,FLAT,TRAIN,2025-08,1.19,TP1,2
XRPUSDT,RangeBreakoutLong,LONG,2025-08-11T08:00:00.000Z,FLAT,TRAIN,2025-08,-2.12,STOP,3
XRPUSDT,RangeBreakoutShort,SHORT,2025-08-11T19:00:00.000Z,FLAT,TRAIN,2025-08,-2.77,STOP,22
XRPUSDT,RsiReversionShort,SHORT,2025-08-12T21:00:00.000Z,FLAT,TRAIN,2025-08,-1.34,STOP,16
XRPUSDT,RangeBreakoutLong,LONG,2025-08-14T02:00:00.000Z,FLAT,TRAIN,2025-08,-2.93,STOP,4
XRPUSDT,RangeBreakoutShort,SHORT,2025-08-14T10:00:00.000Z,FLAT,TRAIN,2025-08,5.76,TP1,2
XRPUSDT,RsiReversionLong,LONG,2025-08-14T14:00:00.000Z,FLAT,TRAIN,2025-08,-2.85,STOP,25
XRPUSDT,RsiReversionLong,LONG,2025-08-15T16:00:00.000Z,FLAT,TRAIN,2025-08,2.49,TP1,15
XRPUSDT,RangeBreakoutShort,SHORT,2025-08-18T01:00:00.000Z,FLAT,TRAIN,2025-08,4.51,TP1,42
XRPUSDT,RsiReversionLong,LONG,2025-08-25T21:00:00.000Z,FLAT,TRAIN,2025-08,2.20,TP1,8
XRPUSDT,RangeBreakoutLong,LONG,2025-08-26T18:00:00.000Z,FLAT,TRAIN,2025-08,-3.14,STOP,61
XRPUSDT,RangeBreakoutShort,SHORT,2025-08-29T07:00:00.000Z,FLAT,TRAIN,2025-08,-3.14,STOP,245
XRPUSDT,RangeBreakoutShort,SHORT,2025-09-17T18:00:00.000Z,FLAT,TRAIN,2025-09,-2.47,STOP,4
XRPUSDT,RangeBreakoutLong,LONG,2025-09-18T09:00:00.000Z,FLAT,TRAIN,2025-09,-2.27,STOP,18
XRPUSDT,RangeBreakoutShort,SHORT,2025-09-19T03:00:00.000Z,FLAT,TRAIN,2025-09,3.03,TP1,69
XRPUSDT,RangeBreakoutShort,SHORT,2025-10-21T04:00:00.000Z,FLAT,TRAIN,2025-10,-3.12,STOP,11
XRPUSDT,RangeBreakoutShort,SHORT,2025-10-22T09:00:00.000Z,FLAT,TRAIN,2025-10,-2.34,STOP,44
XRPUSDT,RangeBreakoutLong,LONG,2025-10-24T05:00:00.000Z,FLAT,TRAIN,2025-10,4.33,TP1,23
XRPUSDT,RsiReversionShort,SHORT,2025-10-25T05:00:00.000Z,FLAT,TRAIN,2025-10,-0.92,STOP,7
XRPUSDT,RangeBreakoutLong,LONG,2025-10-25T12:00:00.000Z,FLAT,TRAIN,2025-10,3.83,TP1,53
XRPUSDT,RangeBreakoutLong,LONG,2025-11-09T23:00:00.000Z,FLAT,TRAIN,2025-11,5.11,TP1,10
XRPUSDT,RsiReversionLong,LONG,2025-11-13T22:00:00.000Z,FLAT,TRAIN,2025-11,-2.31,STOP,6
XRPUSDT,RsiReversionLong,LONG,2025-12-01T01:00:00.000Z,FLAT,TRAIN,2025-12,-1.35,STOP,2
XRPUSDT,RangeBreakoutShort,SHORT,2025-12-04T18:00:00.000Z,FLAT,TRAIN,2025-12,-2.68,STOP,118
XRPUSDT,RsiReversionShort,SHORT,2025-12-09T17:00:00.000Z,FLAT,TRAIN,2025-12,2.84,TP1,14
XRPUSDT,RsiReversionLong,LONG,2025-12-11T04:00:00.000Z,FLAT,TRAIN,2025-12,-1.52,STOP,10
XRPUSDT,RsiReversionLong,LONG,2025-12-11T15:00:00.000Z,FLAT,TRAIN,2025-12,2.23,TP1,6
XRPUSDT,RsiReversionLong,LONG,2025-12-14T16:00:00.000Z,FLAT,TRAIN,2025-12,-0.78,STOP,3
XRPUSDT,RangeBreakoutShort,SHORT,2025-12-14T23:00:00.000Z,FLAT,TRAIN,2025-12,-1.10,STOP,2
XRPUSDT,RangeBreakoutLong,LONG,2025-12-20T08:00:00.000Z,FLAT,TRAIN,2025-12,-1.94,STOP,66
XRPUSDT,RsiReversionLong,LONG,2025-12-23T09:00:00.000Z,FLAT,TRAIN,2025-12,-0.92,STOP,5
XRPUSDT,RangeBreakoutShort,SHORT,2025-12-24T02:00:00.000Z,FLAT,TRAIN,2025-12,-1.82,STOP,37
XRPUSDT,RangeBreakoutShort,SHORT,2025-12-25T22:00:00.000Z,FLAT,TRAIN,2025-12,-1.82,STOP,4
XRPUSDT,RangeBreakoutLong,LONG,2025-12-29T01:00:00.000Z,FLAT,TRAIN,2025-12,-1.68,STOP,18
XRPUSDT,RangeBreakoutShort,SHORT,2025-12-31T15:00:00.000Z,FLAT,TRAIN,2025-12,-1.49,STOP,36
XRPUSDT,RangeBreakoutLong,LONG,2026-01-02T03:00:00.000Z,FLAT,TEST,2026-01,3.30,TP2,13
XRPUSDT,RsiReversionShort,SHORT,2026-01-02T18:00:00.000Z,FLAT,TEST,2026-01,-1.34,STOP,3
XRPUSDT,RsiReversionShort,SHORT,2026-01-02T22:00:00.000Z,FLAT,TEST,2026-01,-1.15,STOP,2
XRPUSDT,RangeBreakoutLong,LONG,2026-01-11T14:00:00.000Z,FLAT,TEST,2026-01,-1.13,STOP,1
XRPUSDT,RangeBreakoutShort,SHORT,2026-01-11T20:00:00.000Z,FLAT,TEST,2026-01,-2.30,STOP,44
XRPUSDT,RsiReversionShort,SHORT,2026-01-13T20:00:00.000Z,FLAT,TEST,2026-01,-1.16,STOP,2
XRPUSDT,RsiReversionShort,SHORT,2026-01-13T23:00:00.000Z,FLAT,TEST,2026-01,-1.25,STOP,3
XRPUSDT,RsiReversionShort,SHORT,2026-01-14T02:00:00.000Z,FLAT,TEST,2026-01,2.17,TP1,9
XRPUSDT,RangeBreakoutShort,SHORT,2026-01-16T15:00:00.000Z,FLAT,TEST,2026-01,-1.93,STOP,5
XRPUSDT,RsiReversionLong,LONG,2026-01-19T02:00:00.000Z,FLAT,TEST,2026-01,2.19,TP1,14
XRPUSDT,RangeBreakoutShort,SHORT,2026-01-27T13:00:00.000Z,FLAT,TEST,2026-01,-1.60,STOP,3
XRPUSDT,RangeBreakoutLong,LONG,2026-01-27T20:00:00.000Z,FLAT,TEST,2026-01,-2.49,STOP,30
XRPUSDT,RangeBreakoutShort,SHORT,2026-01-29T02:00:00.000Z,FLAT,TEST,2026-01,7.30,TP2,23
XRPUSDT,RangeBreakoutShort,SHORT,2026-02-11T04:00:00.000Z,FLAT,TEST,2026-02,-2.70,STOP,60
XRPUSDT,RsiReversionShort,SHORT,2026-02-13T17:00:00.000Z,FLAT,TEST,2026-02,-1.30,STOP,15
XRPUSDT,RangeBreakoutLong,LONG,2026-02-14T08:00:00.000Z,FLAT,TEST,2026-02,5.12,TP1,16
XRPUSDT,RangeBreakoutShort,SHORT,2026-02-22T12:00:00.000Z,FLAT,TEST,2026-02,2.42,TP1,12
XRPUSDT,RangeBreakoutShort,SHORT,2026-02-23T00:00:00.000Z,FLAT,TEST,2026-02,-2.78,STOP,11
XRPUSDT,RsiReversionLong,LONG,2026-02-28T07:00:00.000Z,FLAT,TEST,2026-02,-1.29,STOP,1
XRPUSDT,RsiReversionShort,SHORT,2026-03-01T03:00:00.000Z,FLAT,TEST,2026-03,2.31,TP1,5
XRPUSDT,RsiReversionShort,SHORT,2026-03-04T10:00:00.000Z,FLAT,TEST,2026-03,-1.78,STOP,5
XRPUSDT,RsiReversionShort,SHORT,2026-03-04T16:00:00.000Z,FLAT,TEST,2026-03,3.30,TP1,36
XRPUSDT,RangeBreakoutShort,SHORT,2026-03-06T12:00:00.000Z,FLAT,TEST,2026-03,2.75,TP1,39
XRPUSDT,RangeBreakoutShort,SHORT,2026-03-08T16:00:00.000Z,FLAT,TEST,2026-03,-2.26,STOP,21
XRPUSDT,RangeBreakoutLong,LONG,2026-03-10T02:00:00.000Z,FLAT,TEST,2026-03,3.78,TP1,83
XRPUSDT,RangeBreakoutShort,SHORT,2026-03-21T23:00:00.000Z,FLAT,TEST,2026-03,-2.53,STOP,39
XRPUSDT,RangeBreakoutShort,SHORT,2026-03-26T05:00:00.000Z,FLAT,TEST,2026-03,3.83,TP1,29
XRPUSDT,RangeBreakoutShort,SHORT,2026-04-02T01:00:00.000Z,FLAT,TEST,2026-04,-2.29,STOP,141
XRPUSDT,RsiReversionShort,SHORT,2026-04-08T00:00:00.000Z,FLAT,TEST,2026-04,-2.40,STOP,187
XRPUSDT,RangeBreakoutLong,LONG,2026-04-22T05:00:00.000Z,FLAT,TEST,2026-04,-2.05,STOP,19
XRPUSDT,RangeBreakoutLong,LONG,2026-04-24T01:00:00.000Z,FLAT,TEST,2026-04,-1.36,STOP,9
XRPUSDT,RangeBreakoutLong,LONG,2026-04-24T15:00:00.000Z,FLAT,TEST,2026-04,-1.83,STOP,25
XRPUSDT,RangeBreakoutLong,LONG,2026-04-27T00:00:00.000Z,FLAT,TEST,2026-04,-1.54,STOP,5
XRPUSDT,RangeBreakoutShort,SHORT,2026-04-27T12:00:00.000Z,FLAT,TEST,2026-04,1.30,TP1,3
XRPUSDT,RangeBreakoutShort,SHORT,2026-04-27T15:00:00.000Z,FLAT,TEST,2026-04,-2.21,STOP,157
XRPUSDT,RsiReversionShort,SHORT,2026-05-04T05:00:00.000Z,FLAT,TEST,2026-05,-1.03,STOP,49
XRPUSDT,RangeBreakoutLong,LONG,2026-05-10T15:00:00.000Z,FLAT,TEST,2026-05,3.45,TP1,2
XRPUSDT,RangeBreakoutLong,LONG,2026-05-17T10:00:00.000Z,FLAT,TEST,2026-05,-1.07,STOP,5
XRPUSDT,RsiReversionLong,LONG,2026-05-18T08:00:00.000Z,FLAT,TEST,2026-05,-0.92,STOP,3
XRPUSDT,RsiReversionLong,LONG,2026-05-18T11:00:00.000Z,FLAT,TEST,2026-05,-1.35,STOP,4
XRPUSDT,RangeBreakoutShort,SHORT,2026-05-31T14:00:00.000Z,FLAT,TEST,2026-05,2.68,TP1,23
XRPUSDT,RangeBreakoutShort,SHORT,2026-06-01T13:00:00.000Z,FLAT,TEST,2026-06,2.91,TP1,25
XRPUSDT,RangeBreakoutShort,SHORT,2026-06-14T12:00:00.000Z,FLAT,TEST,2026-06,-1.25,STOP,9
XRPUSDT,RsiReversionShort,SHORT,2026-06-15T00:00:00.000Z,FLAT,TEST,2026-06,-0.74,STOP,2
XRPUSDT,RsiReversionShort,SHORT,2026-06-15T04:00:00.000Z,FLAT,TEST,2026-06,-0.98,STOP,6
XRPUSDT,RangeBreakoutLong,LONG,2026-06-15T10:00:00.000Z,FLAT,TEST,2026-06,3.30,TP1,2
XRPUSDT,RangeBreakoutShort,SHORT,2026-06-17T08:00:00.000Z,FLAT,TEST,2026-06,4.24,TP1,31
XRPUSDT,RsiReversionLong,LONG,2026-06-18T16:00:00.000Z,FLAT,TEST,2026-06,-1.58,STOP,12
XRPUSDT,RangeBreakoutShort,SHORT,2026-06-23T04:00:00.000Z,FLAT,TEST,2026-06,2.89,TP1,33